REF_DATE,GEO,DGUID,UOM,UOM_ID,SCALAR_FACTOR,SCALAR_ID,VECTOR,COORDINATE,VALUE,STATUS,SYMBOL,TERMINATED,DECIMALS
Jan-05,Canada,2016A000011124,Persons,249,units,0,v1,1,32075011,,,,0
Apr-05,Canada,2016A000011124,Persons,249,units,0,v1,1,32140569,,,,0
Jul-05,Canada,2016A000011124,Persons,249,units,0,v1,1,32242732,,,,0
Oct-05,Canada,2016A000011124,Persons,249,units,0,v1,1,32353311,,,,0
Jan-06,Canada,2016A000011124,Persons,249,units,0,v1,1,32394909,,,,0
Apr-06,Canada,2016A000011124,Persons,249,units,0,v1,1,32470171,,,,0
Jul-06,Canada,2016A000011124,Persons,249,units,0,v1,1,32571193,,,,0
Oct-06,Canada,2016A000011124,Persons,249,units,0,v1,1,32680839,,,,0
Jan-07,Canada,2016A000011124,Persons,249,units,0,v1,1,32717848,,,,0
Apr-07,Canada,2016A000011124,Persons,249,units,0,v1,1,32785964,,,,0
Jul-07,Canada,2016A000011124,Persons,249,units,0,v1,1,32888886,,,,0
Oct-07,Canada,2016A000011124,Persons,249,units,0,v1,1,33001918,,,,0
Jan-08,Canada,2016A000011124,Persons,249,units,0,v1,1,33050262,,,,0
Apr-08,Canada,2016A000011124,Persons,249,units,0,v1,1,33127394,,,,0
Jul-08,Canada,2016A000011124,Persons,249,units,0,v1,1,33247298,,,,0
Oct-08,Canada,2016A000011124,Persons,249,units,0,v1,1,33372978,,,,0
Jan-09,Canada,2016A000011124,Persons,249,units,0,v1,1,33427754,,,,0
Apr-09,Canada,2016A000011124,Persons,249,units,0,v1,1,33512305,,,,0
Jul-09,Canada,2016A000011124,Persons,249,units,0,v1,1,33630069,,,,0
Oct-09,Canada,2016A000011124,Persons,249,units,0,v1,1,33758581,,,,0
Jan-10,Canada,2016A000011124,Persons,249,units,0,v1,1,33809016,,,,0
Apr-10,Canada,2016A000011124,Persons,249,units,0,v1,1,33890461,,,,0
Jul-10,Canada,2016A000011124,Persons,249,units,0,v1,1,34005902,,,,0
Oct-10,Canada,2016A000011124,Persons,249,units,0,v1,1,34132531,,,,0
Jan-11,Canada,2016A000011124,Persons,249,units,0,v1,1,34166633,,,,0
Apr-11,Canada,2016A000011124,Persons,249,units,0,v1,1,34230555,,,,0
Jul-11,Canada,2016A000011124,Persons,249,units,0,v1,1,34339221,,,,0
Oct-11,Canada,2016A000011124,Persons,249,units,0,v1,1,34457713,,,,0
Jan-12,Canada,2016A000011124,Persons,249,units,0,v1,1,34516032,,,,0
Apr-12,Canada,2016A000011124,Persons,249,units,0,v1,1,34592192,,,,0
Jul-12,Canada,2016A000011124,Persons,249,units,0,v1,1,34713395,,,,0
Oct-12,Canada,2016A000011124,Persons,249,units,0,v1,1,34834973,,,,0
Jan-13,Canada,2016A000011124,Persons,249,units,0,v1,1,34881794,,,,0
Apr-13,Canada,2016A000011124,Persons,249,units,0,v1,1,34956567,,,,0
Jul-13,Canada,2016A000011124,Persons,249,units,0,v1,1,35080992,,,,0
Oct-13,Canada,2016A000011124,Persons,249,units,0,v1,1,35209597,,,,0
Jan-14,Canada,2016A000011124,Persons,249,units,0,v1,1,35247023,,,,0
Apr-14,Canada,2016A000011124,Persons,249,units,0,v1,1,35320540,,,,0
Jul-14,Canada,2016A000011124,Persons,249,units,0,v1,1,35434066,,,,0
Oct-14,Canada,2016A000011124,Persons,249,units,0,v1,1,35555305,,,,0
Jan-15,Canada,2016A000011124,Persons,249,units,0,v1,1,35571043,,,,0
Apr-15,Canada,2016A000011124,Persons,249,units,0,v1,1,35606734,,,,0
Jul-15,Canada,2016A000011124,Persons,249,units,0,v1,1,35704498,,,,0
Oct-15,Canada,2016A000011124,Persons,249,units,0,v1,1,35823591,,,,0
Jan-16,Canada,2016A000011124,Persons,249,units,0,v1,1,35871484,,,,0
Apr-16,Canada,2016A000011124,Persons,249,units,0,v1,1,35970407,,,,0
Jul-16,Canada,2016A000011124,Persons,249,units,0,v1,1,36110803,,,,0
Oct-16,Canada,2016A000011124,Persons,249,units,0,v1,1,36257421,,,,0
Jan-17,Canada,2016A000011124,Persons,249,units,0,v1,1,36313068,,,,0
Apr-17,Canada,2016A000011124,Persons,249,units,0,v1,1,36397141,,,,0
Jul-17,Canada,2016A000011124,Persons,249,units,0,v1,1,36545075,,,,0
Oct-17,Canada,2016A000011124,Persons,249,units,0,v1,1,36722075,,,,0
Jan-18,Canada,2016A000011124,Persons,249,units,0,v1,1,36801579,,,,0
Apr-18,Canada,2016A000011124,Persons,249,units,0,v1,1,36903671,,,,0
Jul-18,Canada,2016A000011124,Persons,249,units,0,v1,1,37072620,,,,0
Oct-18,Canada,2016A000011124,Persons,249,units,0,v1,1,37259485,,,,0
Jan-19,Canada,2016A000011124,Persons,249,units,0,v1,1,37336956,,,,0
Apr-19,Canada,2016A000011124,Persons,249,units,0,v1,1,37437243,,,,0
Jul-19,Canada,2016A000011124,Persons,249,units,0,v1,1,37618495,,,,0
Oct-19,Canada,2016A000011124,Persons,249,units,0,v1,1,37828162,,,,0
Jan-20,Canada,2016A000011124,Persons,249,units,0,v1,1,37928208,,,,0
Apr-20,Canada,2016A000011124,Persons,249,units,0,v1,1,38006941,,,,0
Jul-20,Canada,2016A000011124,Persons,249,units,0,v1,1,38028638,,,,0
Oct-20,Canada,2016A000011124,Persons,249,units,0,v1,1,38027406,,,,0
Jan-21,Canada,2016A000011124,Persons,249,units,0,v1,1,38058291,,,,0
Apr-21,Canada,2016A000011124,Persons,249,units,0,v1,1,38140918,,,,0
Jul-21,Canada,2016A000011124,Persons,249,units,0,v1,1,38239864,,,,0
Oct-21,Canada,2016A000011124,Persons,249,units,0,v1,1,38446871,,,,0
Jan-22,Canada,2016A000011124,Persons,249,units,0,v1,1,38566032,,,,0
Apr-22,Canada,2016A000011124,Persons,249,units,0,v1,1,38682424,,,,0
Jul-22,Canada,2016A000011124,Persons,249,units,0,v1,1,38935934,,,,0
Oct-22,Canada,2016A000011124,Persons,249,units,0,v1,1,39279501,,,,0
Jan-23,Canada,2016A000011124,Persons,249,units,0,v1,1,39527986,,,,0
Apr-23,Canada,2016A000011124,Persons,249,units,0,v1,1,39748878,,,,0
Jul-23,Canada,2016A000011124,Persons,249,units,0,v1,1,40083484,,,,0
Oct-23,Canada,2016A000011124,Persons,249,units,0,v1,1,40513781,,,,0
Jan-24,Canada,2016A000011124,Persons,249,units,0,v1,1,40784356,,,,0
Apr-24,Canada,2016A000011124,Persons,249,units,0,v1,1,41038370,,,,0
Jul-24,Canada,2016A000011124,Persons,249,units,0,v1,1,41288599,,,,0
Oct-24,Canada,2016A000011124,Persons,249,units,0,v1,1,41465298,,,,0
Jan-05,Newfoundland and Labrador,2016A000210,Persons,249,units,0,v2,2,516750,,,,0
Apr-05,Newfoundland and Labrador,2016A000210,Persons,249,units,0,v2,2,515324,,,,0
Jul-05,Newfoundland and Labrador,2016A000210,Persons,249,units,0,v2,2,514310,,,,0
Oct-05,Newfoundland and Labrador,2016A000210,Persons,249,units,0,v2,2,513725,,,,0
Jan-06,Newfoundland and Labrador,2016A000210,Persons,249,units,0,v2,2,512554,,,,0
Apr-06,Newfoundland and Labrador,2016A000210,Persons,249,units,0,v2,2,510959,,,,0
Jul-06,Newfoundland and Labrador,2016A000210,Persons,249,units,0,v2,2,510593,,,,0
Oct-06,Newfoundland and Labrador,2016A000210,Persons,249,units,0,v2,2,510325,,,,0
Jan-07,Newfoundland and Labrador,2016A000210,Persons,249,units,0,v2,2,510329,,,,0
Apr-07,Newfoundland and Labrador,2016A000210,Persons,249,units,0,v2,2,509126,,,,0
Jul-07,Newfoundland and Labrador,2016A000210,Persons,249,units,0,v2,2,509047,,,,0
Oct-07,Newfoundland and Labrador,2016A000210,Persons,249,units,0,v2,2,510256,,,,0
Jan-08,Newfoundland and Labrador,2016A000210,Persons,249,units,0,v2,2,510989,,,,0
Apr-08,Newfoundland and Labrador,2016A000210,Persons,249,units,0,v2,2,511239,,,,0
Jul-08,Newfoundland and Labrador,2016A000210,Persons,249,units,0,v2,2,511569,,,,0
Oct-08,Newfoundland and Labrador,2016A000210,Persons,249,units,0,v2,2,513425,,,,0
Jan-09,Newfoundland and Labrador,2016A000210,Persons,249,units,0,v2,2,514210,,,,0
Apr-09,Newfoundland and Labrador,2016A000210,Persons,249,units,0,v2,2,514707,,,,0
Jul-09,Newfoundland and Labrador,2016A000210,Persons,249,units,0,v2,2,516741,,,,0
Oct-09,Newfoundland and Labrador,2016A000210,Persons,249,units,0,v2,2,518975,,,,0
Jan-10,Newfoundland and Labrador,2016A000210,Persons,249,units,0,v2,2,520276,,,,0
Apr-10,Newfoundland and Labrador,2016A000210,Persons,249,units,0,v2,2,521197,,,,0
Jul-10,Newfoundland and Labrador,2016A000210,Persons,249,units,0,v2,2,522002,,,,0
Oct-10,Newfoundland and Labrador,2016A000210,Persons,249,units,0,v2,2,522861,,,,0
Jan-11,Newfoundland and Labrador,2016A000210,Persons,249,units,0,v2,2,523723,,,,0
Apr-11,Newfoundland and Labrador,2016A000210,Persons,249,units,0,v2,2,524238,,,,0
Jul-11,Newfoundland and Labrador,2016A000210,Persons,249,units,0,v2,2,524955,,,,0
Oct-11,Newfoundland and Labrador,2016A000210,Persons,249,units,0,v2,2,525845,,,,0
Jan-12,Newfoundland and Labrador,2016A000210,Persons,249,units,0,v2,2,526115,,,,0
Apr-12,Newfoundland and Labrador,2016A000210,Persons,249,units,0,v2,2,525550,,,,0
Jul-12,Newfoundland and Labrador,2016A000210,Persons,249,units,0,v2,2,526235,,,,0
Oct-12,Newfoundland and Labrador,2016A000210,Persons,249,units,0,v2,2,527065,,,,0
Jan-13,Newfoundland and Labrador,2016A000210,Persons,249,units,0,v2,2,527129,,,,0
Apr-13,Newfoundland and Labrador,2016A000210,Persons,249,units,0,v2,2,527177,,,,0
Jul-13,Newfoundland and Labrador,2016A000210,Persons,249,units,0,v2,2,526960,,,,0
Oct-13,Newfoundland and Labrador,2016A000210,Persons,249,units,0,v2,2,527948,,,,0
Jan-14,Newfoundland and Labrador,2016A000210,Persons,249,units,0,v2,2,528065,,,,0
Apr-14,Newfoundland and Labrador,2016A000210,Persons,249,units,0,v2,2,527314,,,,0
Jul-14,Newfoundland and Labrador,2016A000210,Persons,249,units,0,v2,2,527970,,,,0
Oct-14,Newfoundland and Labrador,2016A000210,Persons,249,units,0,v2,2,528266,,,,0
Jan-15,Newfoundland and Labrador,2016A000210,Persons,249,units,0,v2,2,528161,,,,0
Apr-15,Newfoundland and Labrador,2016A000210,Persons,249,units,0,v2,2,527859,,,,0
Jul-15,Newfoundland and Labrador,2016A000210,Persons,249,units,0,v2,2,528348,,,,0
Oct-15,Newfoundland and Labrador,2016A000210,Persons,249,units,0,v2,2,528843,,,,0
Jan-16,Newfoundland and Labrador,2016A000210,Persons,249,units,0,v2,2,528903,,,,0
Apr-16,Newfoundland and Labrador,2016A000210,Persons,249,units,0,v2,2,529083,,,,0
Jul-16,Newfoundland and Labrador,2016A000210,Persons,249,units,0,v2,2,529586,,,,0
Oct-16,Newfoundland and Labrador,2016A000210,Persons,249,units,0,v2,2,530368,,,,0
Jan-17,Newfoundland and Labrador,2016A000210,Persons,249,units,0,v2,2,530175,,,,0
Apr-17,Newfoundland and Labrador,2016A000210,Persons,249,units,0,v2,2,529700,,,,0
Jul-17,Newfoundland and Labrador,2016A000210,Persons,249,units,0,v2,2,529742,,,,0
Oct-17,Newfoundland and Labrador,2016A000210,Persons,249,units,0,v2,2,530153,,,,0
Jan-18,Newfoundland and Labrador,2016A000210,Persons,249,units,0,v2,2,529743,,,,0
Apr-18,Newfoundland and Labrador,2016A000210,Persons,249,units,0,v2,2,528924,,,,0
Jul-18,Newfoundland and Labrador,2016A000210,Persons,249,units,0,v2,2,528402,,,,0
Oct-18,Newfoundland and Labrador,2016A000210,Persons,249,units,0,v2,2,528926,,,,0
Jan-19,Newfoundland and Labrador,2016A000210,Persons,249,units,0,v2,2,528326,,,,0
Apr-19,Newfoundland and Labrador,2016A000210,Persons,249,units,0,v2,2,527993,,,,0
Jul-19,Newfoundland and Labrador,2016A000210,Persons,249,units,0,v2,2,527643,,,,0
Oct-19,Newfoundland and Labrador,2016A000210,Persons,249,units,0,v2,2,528442,,,,0
Jan-20,Newfoundland and Labrador,2016A000210,Persons,249,units,0,v2,2,528231,,,,0
Apr-20,Newfoundland and Labrador,2016A000210,Persons,249,units,0,v2,2,527733,,,,0
Jul-20,Newfoundland and Labrador,2016A000210,Persons,249,units,0,v2,2,526884,,,,0
Oct-20,Newfoundland and Labrador,2016A000210,Persons,249,units,0,v2,2,526046,,,,0
Jan-21,Newfoundland and Labrador,2016A000210,Persons,249,units,0,v2,2,525895,,,,0
Apr-21,Newfoundland and Labrador,2016A000210,Persons,249,units,0,v2,2,526195,,,,0
Jul-21,Newfoundland and Labrador,2016A000210,Persons,249,units,0,v2,2,527056,,,,0
Oct-21,Newfoundland and Labrador,2016A000210,Persons,249,units,0,v2,2,528302,,,,0
Jan-22,Newfoundland and Labrador,2016A000210,Persons,249,units,0,v2,2,528957,,,,0
Apr-22,Newfoundland and Labrador,2016A000210,Persons,249,units,0,v2,2,529042,,,,0
Jul-22,Newfoundland and Labrador,2016A000210,Persons,249,units,0,v2,2,531308,,,,0
Oct-22,Newfoundland and Labrador,2016A000210,Persons,249,units,0,v2,2,533409,,,,0
Jan-23,Newfoundland and Labrador,2016A000210,Persons,249,units,0,v2,2,535298,,,,0
Apr-23,Newfoundland and Labrador,2016A000210,Persons,249,units,0,v2,2,536686,,,,0
Jul-23,Newfoundland and Labrador,2016A000210,Persons,249,units,0,v2,2,538907,,,,0
Oct-23,Newfoundland and Labrador,2016A000210,Persons,249,units,0,v2,2,541000,,,,0
Jan-24,Newfoundland and Labrador,2016A000210,Persons,249,units,0,v2,2,541820,,,,0
Apr-24,Newfoundland and Labrador,2016A000210,Persons,249,units,0,v2,2,543141,,,,0
Jul-24,Newfoundland and Labrador,2016A000210,Persons,249,units,0,v2,2,545247,,,,0
Oct-24,Newfoundland and Labrador,2016A000210,Persons,249,units,0,v2,2,545880,,,,0
Jan-05,Prince Edward Island,2016A000211,Persons,249,units,0,v8,3,137691,,,,0
Apr-05,Prince Edward Island,2016A000211,Persons,249,units,0,v8,3,137790,,,,0
Jul-05,Prince Edward Island,2016A000211,Persons,249,units,0,v8,3,138067,,,,0
Oct-05,Prince Edward Island,2016A000211,Persons,249,units,0,v8,3,138133,,,,0
Jan-06,Prince Edward Island,2016A000211,Persons,249,units,0,v8,3,137908,,,,0
Apr-06,Prince Edward Island,2016A000211,Persons,249,units,0,v8,3,137847,,,,0
Jul-06,Prince Edward Island,2016A000211,Persons,249,units,0,v8,3,137869,,,,0
Oct-06,Prince Edward Island,2016A000211,Persons,249,units,0,v8,3,137898,,,,0
Jan-07,Prince Edward Island,2016A000211,Persons,249,units,0,v8,3,137777,,,,0
Apr-07,Prince Edward Island,2016A000211,Persons,249,units,0,v8,3,137707,,,,0
Jul-07,Prince Edward Island,2016A000211,Persons,249,units,0,v8,3,137709,,,,0
Oct-07,Prince Edward Island,2016A000211,Persons,249,units,0,v8,3,138020,,,,0
Jan-08,Prince Edward Island,2016A000211,Persons,249,units,0,v8,3,137990,,,,0
Apr-08,Prince Edward Island,2016A000211,Persons,249,units,0,v8,3,138175,,,,0
Jul-08,Prince Edward Island,2016A000211,Persons,249,units,0,v8,3,138736,,,,0
Oct-08,Prince Edward Island,2016A000211,Persons,249,units,0,v8,3,139448,,,,0
Jan-09,Prince Edward Island,2016A000211,Persons,249,units,0,v8,3,139114,,,,0
Apr-09,Prince Edward Island,2016A000211,Persons,249,units,0,v8,3,139190,,,,0
Jul-09,Prince Edward Island,2016A000211,Persons,249,units,0,v8,3,139873,,,,0
Oct-09,Prince Edward Island,2016A000211,Persons,249,units,0,v8,3,140596,,,,0
Jan-10,Prince Edward Island,2016A000211,Persons,249,units,0,v8,3,140598,,,,0
Apr-10,Prince Edward Island,2016A000211,Persons,249,units,0,v8,3,140978,,,,0
Jul-10,Prince Edward Island,2016A000211,Persons,249,units,0,v8,3,141644,,,,0
Oct-10,Prince Edward Island,2016A000211,Persons,249,units,0,v8,3,142725,,,,0
Jan-11,Prince Edward Island,2016A000211,Persons,249,units,0,v8,3,143016,,,,0
Apr-11,Prince Edward Island,2016A000211,Persons,249,units,0,v8,3,143265,,,,0
Jul-11,Prince Edward Island,2016A000211,Persons,249,units,0,v8,3,143918,,,,0
Oct-11,Prince Edward Island,2016A000211,Persons,249,units,0,v8,3,144283,,,,0
Jan-12,Prince Edward Island,2016A000211,Persons,249,units,0,v8,3,144208,,,,0
Apr-12,Prince Edward Island,2016A000211,Persons,249,units,0,v8,3,144365,,,,0
Jul-12,Prince Edward Island,2016A000211,Persons,249,units,0,v8,3,144415,,,,0
Oct-12,Prince Edward Island,2016A000211,Persons,249,units,0,v8,3,144396,,,,0
Jan-13,Prince Edward Island,2016A000211,Persons,249,units,0,v8,3,144041,,,,0
Apr-13,Prince Edward Island,2016A000211,Persons,249,units,0,v8,3,143807,,,,0
Jul-13,Prince Edward Island,2016A000211,Persons,249,units,0,v8,3,143942,,,,0
Oct-13,Prince Edward Island,2016A000211,Persons,249,units,0,v8,3,143943,,,,0
Jan-14,Prince Edward Island,2016A000211,Persons,249,units,0,v8,3,143828,,,,0
Apr-14,Prince Edward Island,2016A000211,Persons,249,units,0,v8,3,143810,,,,0
Jul-14,Prince Edward Island,2016A000211,Persons,249,units,0,v8,3,144095,,,,0
Oct-14,Prince Edward Island,2016A000211,Persons,249,units,0,v8,3,144342,,,,0
Jan-15,Prince Edward Island,2016A000211,Persons,249,units,0,v8,3,144162,,,,0
Apr-15,Prince Edward Island,2016A000211,Persons,249,units,0,v8,3,144046,,,,0
Jul-15,Prince Edward Island,2016A000211,Persons,249,units,0,v8,3,144636,,,,0
Oct-15,Prince Edward Island,2016A000211,Persons,249,units,0,v8,3,144949,,,,0
Jan-16,Prince Edward Island,2016A000211,Persons,249,units,0,v8,3,145238,,,,0
Apr-16,Prince Edward Island,2016A000211,Persons,249,units,0,v8,3,145792,,,,0
Jul-16,Prince Edward Island,2016A000211,Persons,249,units,0,v8,3,146891,,,,0
Oct-16,Prince Edward Island,2016A000211,Persons,249,units,0,v8,3,147699,,,,0
Jan-17,Prince Edward Island,2016A000211,Persons,249,units,0,v8,3,147811,,,,0
Apr-17,Prince Edward Island,2016A000211,Persons,249,units,0,v8,3,148354,,,,0
Jul-17,Prince Edward Island,2016A000211,Persons,249,units,0,v8,3,149740,,,,0
Oct-17,Prince Edward Island,2016A000211,Persons,249,units,0,v8,3,150595,,,,0
Jan-18,Prince Edward Island,2016A000211,Persons,249,units,0,v8,3,150619,,,,0
Apr-18,Prince Edward Island,2016A000211,Persons,249,units,0,v8,3,151008,,,,0
Jul-18,Prince Edward Island,2016A000211,Persons,249,units,0,v8,3,152259,,,,0
Oct-18,Prince Edward Island,2016A000211,Persons,249,units,0,v8,3,153906,,,,0
Jan-19,Prince Edward Island,2016A000211,Persons,249,units,0,v8,3,153881,,,,0
Apr-19,Prince Edward Island,2016A000211,Persons,249,units,0,v8,3,154409,,,,0
Jul-19,Prince Edward Island,2016A000211,Persons,249,units,0,v8,3,155792,,,,0
Oct-19,Prince Edward Island,2016A000211,Persons,249,units,0,v8,3,157025,,,,0
Jan-20,Prince Edward Island,2016A000211,Persons,249,units,0,v8,3,157494,,,,0
Apr-20,Prince Edward Island,2016A000211,Persons,249,units,0,v8,3,158401,,,,0
Jul-20,Prince Edward Island,2016A000211,Persons,249,units,0,v8,3,159193,,,,0
Oct-20,Prince Edward Island,2016A000211,Persons,249,units,0,v8,3,159179,,,,0
Jan-21,Prince Edward Island,2016A000211,Persons,249,units,0,v8,3,159240,,,,0
Apr-21,Prince Edward Island,2016A000211,Persons,249,units,0,v8,3,160334,,,,0
Jul-21,Prince Edward Island,2016A000211,Persons,249,units,0,v8,3,162133,,,,0
Oct-21,Prince Edward Island,2016A000211,Persons,249,units,0,v8,3,163728,,,,0
Jan-22,Prince Edward Island,2016A000211,Persons,249,units,0,v8,3,164164,,,,0
Apr-22,Prince Edward Island,2016A000211,Persons,249,units,0,v8,3,165574,,,,0
Jul-22,Prince Edward Island,2016A000211,Persons,249,units,0,v8,3,167213,,,,0
Oct-22,Prince Edward Island,2016A000211,Persons,249,units,0,v8,3,169032,,,,0
Jan-23,Prince Edward Island,2016A000211,Persons,249,units,0,v8,3,170077,,,,0
Apr-23,Prince Edward Island,2016A000211,Persons,249,units,0,v8,3,171856,,,,0
Jul-23,Prince Edward Island,2016A000211,Persons,249,units,0,v8,3,173713,,,,0
Oct-23,Prince Edward Island,2016A000211,Persons,249,units,0,v8,3,175871,,,,0
Jan-24,Prince Edward Island,2016A000211,Persons,249,units,0,v8,3,176318,,,,0
Apr-24,Prince Edward Island,2016A000211,Persons,249,units,0,v8,3,177318,,,,0
Jul-24,Prince Edward Island,2016A000211,Persons,249,units,0,v8,3,178550,,,,0
Oct-24,Prince Edward Island,2016A000211,Persons,249,units,0,v8,3,179301,,,,0
Jan-05,Nova Scotia,2016A000212,Persons,249,units,0,v9,4,939202,,,,0
Apr-05,Nova Scotia,2016A000212,Persons,249,units,0,v9,4,937989,,,,0
Jul-05,Nova Scotia,2016A000212,Persons,249,units,0,v9,4,937931,,,,0
Oct-05,Nova Scotia,2016A000212,Persons,249,units,0,v9,4,938755,,,,0
Jan-06,Nova Scotia,2016A000212,Persons,249,units,0,v9,4,938120,,,,0
Apr-06,Nova Scotia,2016A000212,Persons,249,units,0,v9,4,937665,,,,0
Jul-06,Nova Scotia,2016A000212,Persons,249,units,0,v9,4,937880,,,,0
Oct-06,Nova Scotia,2016A000212,Persons,249,units,0,v9,4,937060,,,,0
Jan-07,Nova Scotia,2016A000212,Persons,249,units,0,v9,4,936232,,,,0
Apr-07,Nova Scotia,2016A000212,Persons,249,units,0,v9,4,935028,,,,0
Jul-07,Nova Scotia,2016A000212,Persons,249,units,0,v9,4,935164,,,,0
Oct-07,Nova Scotia,2016A000212,Persons,249,units,0,v9,4,935433,,,,0
Jan-08,Nova Scotia,2016A000212,Persons,249,units,0,v9,4,935540,,,,0
Apr-08,Nova Scotia,2016A000212,Persons,249,units,0,v9,4,935704,,,,0
Jul-08,Nova Scotia,2016A000212,Persons,249,units,0,v9,4,935965,,,,0
Oct-08,Nova Scotia,2016A000212,Persons,249,units,0,v9,4,937108,,,,0
Jan-09,Nova Scotia,2016A000212,Persons,249,units,0,v9,4,937445,,,,0
Apr-09,Nova Scotia,2016A000212,Persons,249,units,0,v9,4,937489,,,,0
Jul-09,Nova Scotia,2016A000212,Persons,249,units,0,v9,4,938266,,,,0
Oct-09,Nova Scotia,2016A000212,Persons,249,units,0,v9,4,940558,,,,0
Jan-10,Nova Scotia,2016A000212,Persons,249,units,0,v9,4,940879,,,,0
Apr-10,Nova Scotia,2016A000212,Persons,249,units,0,v9,4,940967,,,,0
Jul-10,Nova Scotia,2016A000212,Persons,249,units,0,v9,4,942144,,,,0
Oct-10,Nova Scotia,2016A000212,Persons,249,units,0,v9,4,944201,,,,0
Jan-11,Nova Scotia,2016A000212,Persons,249,units,0,v9,4,944082,,,,0
Apr-11,Nova Scotia,2016A000212,Persons,249,units,0,v9,4,943921,,,,0
Jul-11,Nova Scotia,2016A000212,Persons,249,units,0,v9,4,944095,,,,0
Oct-11,Nova Scotia,2016A000212,Persons,249,units,0,v9,4,944645,,,,0
Jan-12,Nova Scotia,2016A000212,Persons,249,units,0,v9,4,943907,,,,0
Apr-12,Nova Scotia,2016A000212,Persons,249,units,0,v9,4,943317,,,,0
Jul-12,Nova Scotia,2016A000212,Persons,249,units,0,v9,4,943163,,,,0
Oct-12,Nova Scotia,2016A000212,Persons,249,units,0,v9,4,942829,,,,0
Jan-13,Nova Scotia,2016A000212,Persons,249,units,0,v9,4,942045,,,,0
Apr-13,Nova Scotia,2016A000212,Persons,249,units,0,v9,4,940647,,,,0
Jul-13,Nova Scotia,2016A000212,Persons,249,units,0,v9,4,939808,,,,0
Oct-13,Nova Scotia,2016A000212,Persons,249,units,0,v9,4,939442,,,,0
Jan-14,Nova Scotia,2016A000212,Persons,249,units,0,v9,4,939166,,,,0
Apr-14,Nova Scotia,2016A000212,Persons,249,units,0,v9,4,938175,,,,0
Jul-14,Nova Scotia,2016A000212,Persons,249,units,0,v9,4,937768,,,,0
Oct-14,Nova Scotia,2016A000212,Persons,249,units,0,v9,4,938157,,,,0
Jan-15,Nova Scotia,2016A000212,Persons,249,units,0,v9,4,937442,,,,0
Apr-15,Nova Scotia,2016A000212,Persons,249,units,0,v9,4,935380,,,,0
Jul-15,Nova Scotia,2016A000212,Persons,249,units,0,v9,4,937419,,,,0
Oct-15,Nova Scotia,2016A000212,Persons,249,units,0,v9,4,938914,,,,0
Jan-16,Nova Scotia,2016A000212,Persons,249,units,0,v9,4,938973,,,,0
Apr-16,Nova Scotia,2016A000212,Persons,249,units,0,v9,4,940471,,,,0
Jul-16,Nova Scotia,2016A000212,Persons,249,units,0,v9,4,942984,,,,0
Oct-16,Nova Scotia,2016A000212,Persons,249,units,0,v9,4,946623,,,,0
Jan-17,Nova Scotia,2016A000212,Persons,249,units,0,v9,4,947023,,,,0
Apr-17,Nova Scotia,2016A000212,Persons,249,units,0,v9,4,948945,,,,0
Jul-17,Nova Scotia,2016A000212,Persons,249,units,0,v9,4,952159,,,,0
Oct-17,Nova Scotia,2016A000212,Persons,249,units,0,v9,4,956074,,,,0
Jan-18,Nova Scotia,2016A000212,Persons,249,units,0,v9,4,956711,,,,0
Apr-18,Nova Scotia,2016A000212,Persons,249,units,0,v9,4,957883,,,,0
Jul-18,Nova Scotia,2016A000212,Persons,249,units,0,v9,4,962072,,,,0
Oct-18,Nova Scotia,2016A000212,Persons,249,units,0,v9,4,967578,,,,0
Jan-19,Nova Scotia,2016A000212,Persons,249,units,0,v9,4,968724,,,,0
Apr-19,Nova Scotia,2016A000212,Persons,249,units,0,v9,4,970680,,,,0
Jul-19,Nova Scotia,2016A000212,Persons,249,units,0,v9,4,975799,,,,0
Oct-19,Nova Scotia,2016A000212,Persons,249,units,0,v9,4,982592,,,,0
Jan-20,Nova Scotia,2016A000212,Persons,249,units,0,v9,4,984130,,,,0
Apr-20,Nova Scotia,2016A000212,Persons,249,units,0,v9,4,986204,,,,0
Jul-20,Nova Scotia,2016A000212,Persons,249,units,0,v9,4,989168,,,,0
Oct-20,Nova Scotia,2016A000212,Persons,249,units,0,v9,4,989154,,,,0
Jan-21,Nova Scotia,2016A000212,Persons,249,units,0,v9,4,990025,,,,0
Apr-21,Nova Scotia,2016A000212,Persons,249,units,0,v9,4,993946,,,,0
Jul-21,Nova Scotia,2016A000212,Persons,249,units,0,v9,4,999908,,,,0
Oct-21,Nova Scotia,2016A000212,Persons,249,units,0,v9,4,1006758,,,,0
Jan-22,Nova Scotia,2016A000212,Persons,249,units,0,v9,4,1010529,,,,0
Apr-22,Nova Scotia,2016A000212,Persons,249,units,0,v9,4,1014733,,,,0
Jul-22,Nova Scotia,2016A000212,Persons,249,units,0,v9,4,1025263,,,,0
Oct-22,Nova Scotia,2016A000212,Persons,249,units,0,v9,4,1035163,,,,0
Jan-23,Nova Scotia,2016A000212,Persons,249,units,0,v9,4,1040187,,,,0
Apr-23,Nova Scotia,2016A000212,Persons,249,units,0,v9,4,1047129,,,,0
Jul-23,Nova Scotia,2016A000212,Persons,249,units,0,v9,4,1056486,,,,0
Oct-23,Nova Scotia,2016A000212,Persons,249,units,0,v9,4,1064297,,,,0
Jan-24,Nova Scotia,2016A000212,Persons,249,units,0,v9,4,1068120,,,,0
Apr-24,Nova Scotia,2016A000212,Persons,249,units,0,v9,4,1071498,,,,0
Jul-24,Nova Scotia,2016A000212,Persons,249,units,0,v9,4,1076374,,,,0
Oct-24,Nova Scotia,2016A000212,Persons,249,units,0,v9,4,1079676,,,,0
Jan-05,New Brunswick,2016A000213,Persons,249,units,0,v10,5,749005,,,,0
Apr-05,New Brunswick,2016A000213,Persons,249,units,0,v10,5,748696,,,,0
Jul-05,New Brunswick,2016A000213,Persons,249,units,0,v10,5,748061,,,,0
Oct-05,New Brunswick,2016A000213,Persons,249,units,0,v10,5,747674,,,,0
Jan-06,New Brunswick,2016A000213,Persons,249,units,0,v10,5,746985,,,,0
Apr-06,New Brunswick,2016A000213,Persons,249,units,0,v10,5,746337,,,,0
Jul-06,New Brunswick,2016A000213,Persons,249,units,0,v10,5,745621,,,,0
Oct-06,New Brunswick,2016A000213,Persons,249,units,0,v10,5,744973,,,,0
Jan-07,New Brunswick,2016A000213,Persons,249,units,0,v10,5,744849,,,,0
Apr-07,New Brunswick,2016A000213,Persons,249,units,0,v10,5,744934,,,,0
Jul-07,New Brunswick,2016A000213,Persons,249,units,0,v10,5,745430,,,,0
Oct-07,New Brunswick,2016A000213,Persons,249,units,0,v10,5,746136,,,,0
Jan-08,New Brunswick,2016A000213,Persons,249,units,0,v10,5,746284,,,,0
Apr-08,New Brunswick,2016A000213,Persons,249,units,0,v10,5,746529,,,,0
Jul-08,New Brunswick,2016A000213,Persons,249,units,0,v10,5,746875,,,,0
Oct-08,New Brunswick,2016A000213,Persons,249,units,0,v10,5,747767,,,,0
Jan-09,New Brunswick,2016A000213,Persons,249,units,0,v10,5,748375,,,,0
Apr-09,New Brunswick,2016A000213,Persons,249,units,0,v10,5,749165,,,,0
Jul-09,New Brunswick,2016A000213,Persons,249,units,0,v10,5,749956,,,,0
Oct-09,New Brunswick,2016A000213,Persons,249,units,0,v10,5,751066,,,,0
Jan-10,New Brunswick,2016A000213,Persons,249,units,0,v10,5,751282,,,,0
Apr-10,New Brunswick,2016A000213,Persons,249,units,0,v10,5,752020,,,,0
Jul-10,New Brunswick,2016A000213,Persons,249,units,0,v10,5,753034,,,,0
Oct-10,New Brunswick,2016A000213,Persons,249,units,0,v10,5,754287,,,,0
Jan-11,New Brunswick,2016A000213,Persons,249,units,0,v10,5,754795,,,,0
Apr-11,New Brunswick,2016A000213,Persons,249,units,0,v10,5,754843,,,,0
Jul-11,New Brunswick,2016A000213,Persons,249,units,0,v10,5,755590,,,,0
Oct-11,New Brunswick,2016A000213,Persons,249,units,0,v10,5,756187,,,,0
Jan-12,New Brunswick,2016A000213,Persons,249,units,0,v10,5,757039,,,,0
Apr-12,New Brunswick,2016A000213,Persons,249,units,0,v10,5,757024,,,,0
Jul-12,New Brunswick,2016A000213,Persons,249,units,0,v10,5,758121,,,,0
Oct-12,New Brunswick,2016A000213,Persons,249,units,0,v10,5,758408,,,,0
Jan-13,New Brunswick,2016A000213,Persons,249,units,0,v10,5,758026,,,,0
Apr-13,New Brunswick,2016A000213,Persons,249,units,0,v10,5,757854,,,,0
Jul-13,New Brunswick,2016A000213,Persons,249,units,0,v10,5,758261,,,,0
Oct-13,New Brunswick,2016A000213,Persons,249,units,0,v10,5,758379,,,,0
Jan-14,New Brunswick,2016A000213,Persons,249,units,0,v10,5,758713,,,,0
Apr-14,New Brunswick,2016A000213,Persons,249,units,0,v10,5,758570,,,,0
Jul-14,New Brunswick,2016A000213,Persons,249,units,0,v10,5,758657,,,,0
Oct-14,New Brunswick,2016A000213,Persons,249,units,0,v10,5,759192,,,,0
Jan-15,New Brunswick,2016A000213,Persons,249,units,0,v10,5,759270,,,,0
Apr-15,New Brunswick,2016A000213,Persons,249,units,0,v10,5,758579,,,,0
Jul-15,New Brunswick,2016A000213,Persons,249,units,0,v10,5,759226,,,,0
Oct-15,New Brunswick,2016A000213,Persons,249,units,0,v10,5,759971,,,,0
Jan-16,New Brunswick,2016A000213,Persons,249,units,0,v10,5,760679,,,,0
Apr-16,New Brunswick,2016A000213,Persons,249,units,0,v10,5,762317,,,,0
Jul-16,New Brunswick,2016A000213,Persons,249,units,0,v10,5,763322,,,,0
Oct-16,New Brunswick,2016A000213,Persons,249,units,0,v10,5,764820,,,,0
Jan-17,New Brunswick,2016A000213,Persons,249,units,0,v10,5,764612,,,,0
Apr-17,New Brunswick,2016A000213,Persons,249,units,0,v10,5,764859,,,,0
Jul-17,New Brunswick,2016A000213,Persons,249,units,0,v10,5,766697,,,,0
Oct-17,New Brunswick,2016A000213,Persons,249,units,0,v10,5,768029,,,,0
Jan-18,New Brunswick,2016A000213,Persons,249,units,0,v10,5,768146,,,,0
Apr-18,New Brunswick,2016A000213,Persons,249,units,0,v10,5,768707,,,,0
Jul-18,New Brunswick,2016A000213,Persons,249,units,0,v10,5,770497,,,,0
Oct-18,New Brunswick,2016A000213,Persons,249,units,0,v10,5,772793,,,,0
Jan-19,New Brunswick,2016A000213,Persons,249,units,0,v10,5,773059,,,,0
Apr-19,New Brunswick,2016A000213,Persons,249,units,0,v10,5,774277,,,,0
Jul-19,New Brunswick,2016A000213,Persons,249,units,0,v10,5,777387,,,,0
Oct-19,New Brunswick,2016A000213,Persons,249,units,0,v10,5,780907,,,,0
Jan-20,New Brunswick,2016A000213,Persons,249,units,0,v10,5,781054,,,,0
Apr-20,New Brunswick,2016A000213,Persons,249,units,0,v10,5,782512,,,,0
Jul-20,New Brunswick,2016A000213,Persons,249,units,0,v10,5,783432,,,,0
Oct-20,New Brunswick,2016A000213,Persons,249,units,0,v10,5,783814,,,,0
Jan-21,New Brunswick,2016A000213,Persons,249,units,0,v10,5,784950,,,,0
Apr-21,New Brunswick,2016A000213,Persons,249,units,0,v10,5,787002,,,,0
Jul-21,New Brunswick,2016A000213,Persons,249,units,0,v10,5,790802,,,,0
Oct-21,New Brunswick,2016A000213,Persons,249,units,0,v10,5,795732,,,,0
Jan-22,New Brunswick,2016A000213,Persons,249,units,0,v10,5,798713,,,,0
Apr-22,New Brunswick,2016A000213,Persons,249,units,0,v10,5,801756,,,,0
Jul-22,New Brunswick,2016A000213,Persons,249,units,0,v10,5,809264,,,,0
Oct-22,New Brunswick,2016A000213,Persons,249,units,0,v10,5,817173,,,,0
Jan-23,New Brunswick,2016A000213,Persons,249,units,0,v10,5,820576,,,,0
Apr-23,New Brunswick,2016A000213,Persons,249,units,0,v10,5,825417,,,,0
Jul-23,New Brunswick,2016A000213,Persons,249,units,0,v10,5,832190,,,,0
Oct-23,New Brunswick,2016A000213,Persons,249,units,0,v10,5,840578,,,,0
Jan-24,New Brunswick,2016A000213,Persons,249,units,0,v10,5,844433,,,,0
Apr-24,New Brunswick,2016A000213,Persons,249,units,0,v10,5,849168,,,,0
Jul-24,New Brunswick,2016A000213,Persons,249,units,0,v10,5,854355,,,,0
Oct-24,New Brunswick,2016A000213,Persons,249,units,0,v10,5,857381,,,,0
Jan-05,Quebec,2016A000224,Persons,249,units,0,v11,6,7559576,,,,0
Apr-05,Quebec,2016A000224,Persons,249,units,0,v11,6,7567277,,,,0
Jul-05,Quebec,2016A000224,Persons,249,units,0,v11,6,7581467,,,,0
Oct-05,Quebec,2016A000224,Persons,249,units,0,v11,6,7598880,,,,0
Jan-06,Quebec,2016A000224,Persons,249,units,0,v11,6,7604228,,,,0
Apr-06,Quebec,2016A000224,Persons,249,units,0,v11,6,7615496,,,,0
Jul-06,Quebec,2016A000224,Persons,249,units,0,v11,6,7631901,,,,0
Oct-06,Quebec,2016A000224,Persons,249,units,0,v11,6,7652881,,,,0
Jan-07,Quebec,2016A000224,Persons,249,units,0,v11,6,7661201,,,,0
Apr-07,Quebec,2016A000224,Persons,249,units,0,v11,6,7673938,,,,0
Jul-07,Quebec,2016A000224,Persons,249,units,0,v11,6,7692400,,,,0
Oct-07,Quebec,2016A000224,Persons,249,units,0,v11,6,7712616,,,,0
Jan-08,Quebec,2016A000224,Persons,249,units,0,v11,6,7724885,,,,0
Apr-08,Quebec,2016A000224,Persons,249,units,0,v11,6,7739956,,,,0
Jul-08,Quebec,2016A000224,Persons,249,units,0,v11,6,7761614,,,,0
Oct-08,Quebec,2016A000224,Persons,249,units,0,v11,6,7786609,,,,0
Jan-09,Quebec,2016A000224,Persons,249,units,0,v11,6,7799271,,,,0
Apr-09,Quebec,2016A000224,Persons,249,units,0,v11,6,7817425,,,,0
Jul-09,Quebec,2016A000224,Persons,249,units,0,v11,6,7843915,,,,0
Oct-09,Quebec,2016A000224,Persons,249,units,0,v11,6,7871847,,,,0
Jan-10,Quebec,2016A000224,Persons,249,units,0,v11,6,7886127,,,,0
Apr-10,Quebec,2016A000224,Persons,249,units,0,v11,6,7903676,,,,0
Jul-10,Quebec,2016A000224,Persons,249,units,0,v11,6,7929479,,,,0
Oct-10,Quebec,2016A000224,Persons,249,units,0,v11,6,7955183,,,,0
Jan-11,Quebec,2016A000224,Persons,249,units,0,v11,6,7967270,,,,0
Apr-11,Quebec,2016A000224,Persons,249,units,0,v11,6,7982145,,,,0
Jul-11,Quebec,2016A000224,Persons,249,units,0,v11,6,8004736,,,,0
Oct-11,Quebec,2016A000224,Persons,249,units,0,v11,6,8021063,,,,0
Jan-12,Quebec,2016A000224,Persons,249,units,0,v11,6,8028516,,,,0
Apr-12,Quebec,2016A000224,Persons,249,units,0,v11,6,8038332,,,,0
Jul-12,Quebec,2016A000224,Persons,249,units,0,v11,6,8059752,,,,0
Oct-12,Quebec,2016A000224,Persons,249,units,0,v11,6,8076838,,,,0
Jan-13,Quebec,2016A000224,Persons,249,units,0,v11,6,8081006,,,,0
Apr-13,Quebec,2016A000224,Persons,249,units,0,v11,6,8089004,,,,0
Jul-13,Quebec,2016A000224,Persons,249,units,0,v11,6,8108825,,,,0
Oct-13,Quebec,2016A000224,Persons,249,units,0,v11,6,8122462,,,,0
Jan-14,Quebec,2016A000224,Persons,249,units,0,v11,6,8123138,,,,0
Apr-14,Quebec,2016A000224,Persons,249,units,0,v11,6,8129926,,,,0
Jul-14,Quebec,2016A000224,Persons,249,units,0,v11,6,8147535,,,,0
Oct-14,Quebec,2016A000224,Persons,249,units,0,v11,6,8162631,,,,0
Jan-15,Quebec,2016A000224,Persons,249,units,0,v11,6,8160176,,,,0
Apr-15,Quebec,2016A000224,Persons,249,units,0,v11,6,8159968,,,,0
Jul-15,Quebec,2016A000224,Persons,249,units,0,v11,6,8175743,,,,0
Oct-15,Quebec,2016A000224,Persons,249,units,0,v11,6,8190074,,,,0
Jan-16,Quebec,2016A000224,Persons,249,units,0,v11,6,8193831,,,,0
Apr-16,Quebec,2016A000224,Persons,249,units,0,v11,6,8204229,,,,0
Jul-16,Quebec,2016A000224,Persons,249,units,0,v11,6,8225036,,,,0
Oct-16,Quebec,2016A000224,Persons,249,units,0,v11,6,8246383,,,,0
Jan-17,Quebec,2016A000224,Persons,249,units,0,v11,6,8252179,,,,0
Apr-17,Quebec,2016A000224,Persons,249,units,0,v11,6,8265839,,,,0
Jul-17,Quebec,2016A000224,Persons,249,units,0,v11,6,8292832,,,,0
Oct-17,Quebec,2016A000224,Persons,249,units,0,v11,6,8326075,,,,0
Jan-18,Quebec,2016A000224,Persons,249,units,0,v11,6,8338883,,,,0
Apr-18,Quebec,2016A000224,Persons,249,units,0,v11,6,8354460,,,,0
Jul-18,Quebec,2016A000224,Persons,249,units,0,v11,6,8386951,,,,0
Oct-18,Quebec,2016A000224,Persons,249,units,0,v11,6,8418646,,,,0
Jan-19,Quebec,2016A000224,Persons,249,units,0,v11,6,8430363,,,,0
Apr-19,Quebec,2016A000224,Persons,249,units,0,v11,6,8447632,,,,0
Jul-19,Quebec,2016A000224,Persons,249,units,0,v11,6,8483186,,,,0
Oct-19,Quebec,2016A000224,Persons,249,units,0,v11,6,8521542,,,,0
Jan-20,Quebec,2016A000224,Persons,249,units,0,v11,6,8537376,,,,0
Apr-20,Quebec,2016A000224,Persons,249,units,0,v11,6,8550900,,,,0
Jul-20,Quebec,2016A000224,Persons,249,units,0,v11,6,8551095,,,,0
Oct-20,Quebec,2016A000224,Persons,249,units,0,v11,6,8551865,,,,0
Jan-21,Quebec,2016A000224,Persons,249,units,0,v11,6,8550561,,,,0
Apr-21,Quebec,2016A000224,Persons,249,units,0,v11,6,8556015,,,,0
Jul-21,Quebec,2016A000224,Persons,249,units,0,v11,6,8572020,,,,0
Oct-21,Quebec,2016A000224,Persons,249,units,0,v11,6,8603995,,,,0
Jan-22,Quebec,2016A000224,Persons,249,units,0,v11,6,8616610,,,,0
Apr-22,Quebec,2016A000224,Persons,249,units,0,v11,6,8630541,,,,0
Jul-22,Quebec,2016A000224,Persons,249,units,0,v11,6,8673184,,,,0
Oct-22,Quebec,2016A000224,Persons,249,units,0,v11,6,8727339,,,,0
Jan-23,Quebec,2016A000224,Persons,249,units,0,v11,6,8762928,,,,0
Apr-23,Quebec,2016A000224,Persons,249,units,0,v11,6,8796788,,,,0
Jul-23,Quebec,2016A000224,Persons,249,units,0,v11,6,8848020,,,,0
Oct-23,Quebec,2016A000224,Persons,249,units,0,v11,6,8918906,,,,0
Jan-24,Quebec,2016A000224,Persons,249,units,0,v11,6,8956326,,,,0
Apr-24,Quebec,2016A000224,Persons,249,units,0,v11,6,9003338,,,,0
Jul-24,Quebec,2016A000224,Persons,249,units,0,v11,6,9056044,,,,0
Oct-24,Quebec,2016A000224,Persons,249,units,0,v11,6,9100249,,,,0
Jan-05,Ontario,2016A000235,Persons,249,units,0,v12,7,12444755,,,,0
Apr-05,Ontario,2016A000235,Persons,249,units,0,v12,7,12476560,,,,0
Jul-05,Ontario,2016A000235,Persons,249,units,0,v12,7,12527581,,,,0
Oct-05,Ontario,2016A000235,Persons,249,units,0,v12,7,12578240,,,,0
Jan-06,Ontario,2016A000235,Persons,249,units,0,v12,7,12587149,,,,0
Apr-06,Ontario,2016A000235,Persons,249,units,0,v12,7,12618321,,,,0
Jul-06,Ontario,2016A000235,Persons,249,units,0,v12,7,12661953,,,,0
Oct-06,Ontario,2016A000235,Persons,249,units,0,v12,7,12701324,,,,0
Jan-07,Ontario,2016A000235,Persons,249,units,0,v12,7,12703327,,,,0
Apr-07,Ontario,2016A000235,Persons,249,units,0,v12,7,12727090,,,,0
Jul-07,Ontario,2016A000235,Persons,249,units,0,v12,7,12765133,,,,0
Oct-07,Ontario,2016A000235,Persons,249,units,0,v12,7,12807497,,,,0
Jan-08,Ontario,2016A000235,Persons,249,units,0,v12,7,12814686,,,,0
Apr-08,Ontario,2016A000235,Persons,249,units,0,v12,7,12840482,,,,0
Jul-08,Ontario,2016A000235,Persons,249,units,0,v12,7,12883824,,,,0
Oct-08,Ontario,2016A000235,Persons,249,units,0,v12,7,12927520,,,,0
Jan-09,Ontario,2016A000235,Persons,249,units,0,v12,7,12932742,,,,0
Apr-09,Ontario,2016A000235,Persons,249,units,0,v12,7,12956924,,,,0
Jul-09,Ontario,2016A000235,Persons,249,units,0,v12,7,12998941,,,,0
Oct-09,Ontario,2016A000235,Persons,249,units,0,v12,7,13048442,,,,0
Jan-10,Ontario,2016A000235,Persons,249,units,0,v12,7,13059426,,,,0
Apr-10,Ontario,2016A000235,Persons,249,units,0,v12,7,13088924,,,,0
Jul-10,Ontario,2016A000235,Persons,249,units,0,v12,7,13136481,,,,0
Oct-10,Ontario,2016A000235,Persons,249,units,0,v12,7,13189987,,,,0
Jan-11,Ontario,2016A000235,Persons,249,units,0,v12,7,13199081,,,,0
Apr-11,Ontario,2016A000235,Persons,249,units,0,v12,7,13222146,,,,0
Jul-11,Ontario,2016A000235,Persons,249,units,0,v12,7,13262345,,,,0
Oct-11,Ontario,2016A000235,Persons,249,units,0,v12,7,13310604,,,,0
Jan-12,Ontario,2016A000235,Persons,249,units,0,v12,7,13325337,,,,0
Apr-12,Ontario,2016A000235,Persons,249,units,0,v12,7,13350123,,,,0
Jul-12,Ontario,2016A000235,Persons,249,units,0,v12,7,13392364,,,,0
Oct-12,Ontario,2016A000235,Persons,249,units,0,v12,7,13436625,,,,0
Jan-13,Ontario,2016A000235,Persons,249,units,0,v12,7,13446276,,,,0
Apr-13,Ontario,2016A000235,Persons,249,units,0,v12,7,13469151,,,,0
Jul-13,Ontario,2016A000235,Persons,249,units,0,v12,7,13511902,,,,0
Oct-13,Ontario,2016A000235,Persons,249,units,0,v12,7,13559499,,,,0
Jan-14,Ontario,2016A000235,Persons,249,units,0,v12,7,13563311,,,,0
Apr-14,Ontario,2016A000235,Persons,249,units,0,v12,7,13583220,,,,0
Jul-14,Ontario,2016A000235,Persons,249,units,0,v12,7,13617763,,,,0
Oct-14,Ontario,2016A000235,Persons,249,units,0,v12,7,13661282,,,,0
Jan-15,Ontario,2016A000235,Persons,249,units,0,v12,7,13657423,,,,0
Apr-15,Ontario,2016A000235,Persons,249,units,0,v12,7,13669290,,,,0
Jul-15,Ontario,2016A000235,Persons,249,units,0,v12,7,13709293,,,,0
Oct-15,Ontario,2016A000235,Persons,249,units,0,v12,7,13759762,,,,0
Jan-16,Ontario,2016A000235,Persons,249,units,0,v12,7,13774364,,,,0
Apr-16,Ontario,2016A000235,Persons,249,units,0,v12,7,13816652,,,,0
Jul-16,Ontario,2016A000235,Persons,249,units,0,v12,7,13876500,,,,0
Oct-16,Ontario,2016A000235,Persons,249,units,0,v12,7,13948180,,,,0
Jan-17,Ontario,2016A000235,Persons,249,units,0,v12,7,13975516,,,,0
Apr-17,Ontario,2016A000235,Persons,249,units,0,v12,7,14012209,,,,0
Jul-17,Ontario,2016A000235,Persons,249,units,0,v12,7,14078499,,,,0
Oct-17,Ontario,2016A000235,Persons,249,units,0,v12,7,14161084,,,,0
Jan-18,Ontario,2016A000235,Persons,249,units,0,v12,7,14199811,,,,0
Apr-18,Ontario,2016A000235,Persons,249,units,0,v12,7,14251136,,,,0
Jul-18,Ontario,2016A000235,Persons,249,units,0,v12,7,14326746,,,,0
Oct-18,Ontario,2016A000235,Persons,249,units,0,v12,7,14413055,,,,0
Jan-19,Ontario,2016A000235,Persons,249,units,0,v12,7,14449986,,,,0
Apr-19,Ontario,2016A000235,Persons,249,units,0,v12,7,14493612,,,,0
Jul-19,Ontario,2016A000235,Persons,249,units,0,v12,7,14573565,,,,0
Oct-19,Ontario,2016A000235,Persons,249,units,0,v12,7,14666727,,,,0
Jan-20,Ontario,2016A000235,Persons,249,units,0,v12,7,14718155,,,,0
Apr-20,Ontario,2016A000235,Persons,249,units,0,v12,7,14752374,,,,0
Jul-20,Ontario,2016A000235,Persons,249,units,0,v12,7,14761811,,,,0
Oct-20,Ontario,2016A000235,Persons,249,units,0,v12,7,14757582,,,,0
Jan-21,Ontario,2016A000235,Persons,249,units,0,v12,7,14772726,,,,0
Apr-21,Ontario,2016A000235,Persons,249,units,0,v12,7,14808093,,,,0
Jul-21,Ontario,2016A000235,Persons,249,units,0,v12,7,14842488,,,,0
Oct-21,Ontario,2016A000235,Persons,249,units,0,v12,7,14938314,,,,0
Jan-22,Ontario,2016A000235,Persons,249,units,0,v12,7,14995433,,,,0
Apr-22,Ontario,2016A000235,Persons,249,units,0,v12,7,15042458,,,,0
Jul-22,Ontario,2016A000235,Persons,249,units,0,v12,7,15141455,,,,0
Oct-22,Ontario,2016A000235,Persons,249,units,0,v12,7,15289550,,,,0
Jan-23,Ontario,2016A000235,Persons,249,units,0,v12,7,15402095,,,,0
Apr-23,Ontario,2016A000235,Persons,249,units,0,v12,7,15478287,,,,0
Jul-23,Ontario,2016A000235,Persons,249,units,0,v12,7,15623207,,,,0
Oct-23,Ontario,2016A000235,Persons,249,units,0,v12,7,15818465,,,,0
Jan-24,Ontario,2016A000235,Persons,249,units,0,v12,7,15944379,,,,0
Apr-24,Ontario,2016A000235,Persons,249,units,0,v12,7,16033583,,,,0
Jul-24,Ontario,2016A000235,Persons,249,units,0,v12,7,16124116,,,,0
Oct-24,Ontario,2016A000235,Persons,249,units,0,v12,7,16171802,,,,0
Jan-05,Manitoba,2016A000246,Persons,249,units,0,v13,8,1176047,,,,0
Apr-05,Manitoba,2016A000246,Persons,249,units,0,v13,8,1177285,,,,0
Jul-05,Manitoba,2016A000246,Persons,249,units,0,v13,8,1178262,,,,0
Oct-05,Manitoba,2016A000246,Persons,249,units,0,v13,8,1179082,,,,0
Jan-06,Manitoba,2016A000246,Persons,249,units,0,v13,8,1179916,,,,0
Apr-06,Manitoba,2016A000246,Persons,249,units,0,v13,8,1181632,,,,0
Jul-06,Manitoba,2016A000246,Persons,249,units,0,v13,8,1183560,,,,0
Oct-06,Manitoba,2016A000246,Persons,249,units,0,v13,8,1183975,,,,0
Jan-07,Manitoba,2016A000246,Persons,249,units,0,v13,8,1184495,,,,0
Apr-07,Manitoba,2016A000246,Persons,249,units,0,v13,8,1186421,,,,0
Jul-07,Manitoba,2016A000246,Persons,249,units,0,v13,8,1189446,,,,0
Oct-07,Manitoba,2016A000246,Persons,249,units,0,v13,8,1191684,,,,0
Jan-08,Manitoba,2016A000246,Persons,249,units,0,v13,8,1193396,,,,0
Apr-08,Manitoba,2016A000246,Persons,249,units,0,v13,8,1194653,,,,0
Jul-08,Manitoba,2016A000246,Persons,249,units,0,v13,8,1197767,,,,0
Oct-08,Manitoba,2016A000246,Persons,249,units,0,v13,8,1199551,,,,0
Jan-09,Manitoba,2016A000246,Persons,249,units,0,v13,8,1201705,,,,0
Apr-09,Manitoba,2016A000246,Persons,249,units,0,v13,8,1204013,,,,0
Jul-09,Manitoba,2016A000246,Persons,249,units,0,v13,8,1208555,,,,0
Oct-09,Manitoba,2016A000246,Persons,249,units,0,v13,8,1211881,,,,0
Jan-10,Manitoba,2016A000246,Persons,249,units,0,v13,8,1213941,,,,0
Apr-10,Manitoba,2016A000246,Persons,249,units,0,v13,8,1216618,,,,0
Jul-10,Manitoba,2016A000246,Persons,249,units,0,v13,8,1220782,,,,0
Oct-10,Manitoba,2016A000246,Persons,249,units,0,v13,8,1224663,,,,0
Jan-11,Manitoba,2016A000246,Persons,249,units,0,v13,8,1227210,,,,0
Apr-11,Manitoba,2016A000246,Persons,249,units,0,v13,8,1229058,,,,0
Jul-11,Manitoba,2016A000246,Persons,249,units,0,v13,8,1233353,,,,0
Oct-11,Manitoba,2016A000246,Persons,249,units,0,v13,8,1237390,,,,0
Jan-12,Manitoba,2016A000246,Persons,249,units,0,v13,8,1241417,,,,0
Apr-12,Manitoba,2016A000246,Persons,249,units,0,v13,8,1244884,,,,0
Jul-12,Manitoba,2016A000246,Persons,249,units,0,v13,8,1249094,,,,0
Oct-12,Manitoba,2016A000246,Persons,249,units,0,v13,8,1253210,,,,0
Jan-13,Manitoba,2016A000246,Persons,249,units,0,v13,8,1256879,,,,0
Apr-13,Manitoba,2016A000246,Persons,249,units,0,v13,8,1259693,,,,0
Jul-13,Manitoba,2016A000246,Persons,249,units,0,v13,8,1263393,,,,0
Oct-13,Manitoba,2016A000246,Persons,249,units,0,v13,8,1267105,,,,0
Jan-14,Manitoba,2016A000246,Persons,249,units,0,v13,8,1270153,,,,0
Apr-14,Manitoba,2016A000246,Persons,249,units,0,v13,8,1272914,,,,0
Jul-14,Manitoba,2016A000246,Persons,249,units,0,v13,8,1277425,,,,0
Oct-14,Manitoba,2016A000246,Persons,249,units,0,v13,8,1281690,,,,0
Jan-15,Manitoba,2016A000246,Persons,249,units,0,v13,8,1284693,,,,0
Apr-15,Manitoba,2016A000246,Persons,249,units,0,v13,8,1286250,,,,0
Jul-15,Manitoba,2016A000246,Persons,249,units,0,v13,8,1293598,,,,0
Oct-15,Manitoba,2016A000246,Persons,249,units,0,v13,8,1298120,,,,0
Jan-16,Manitoba,2016A000246,Persons,249,units,0,v13,8,1302938,,,,0
Apr-16,Manitoba,2016A000246,Persons,249,units,0,v13,8,1307797,,,,0
Jul-16,Manitoba,2016A000246,Persons,249,units,0,v13,8,1314140,,,,0
Oct-16,Manitoba,2016A000246,Persons,249,units,0,v13,8,1319800,,,,0
Jan-17,Manitoba,2016A000246,Persons,249,units,0,v13,8,1324044,,,,0
Apr-17,Manitoba,2016A000246,Persons,249,units,0,v13,8,1328337,,,,0
Jul-17,Manitoba,2016A000246,Persons,249,units,0,v13,8,1334734,,,,0
Oct-17,Manitoba,2016A000246,Persons,249,units,0,v13,8,1340426,,,,0
Jan-18,Manitoba,2016A000246,Persons,249,units,0,v13,8,1344198,,,,0
Apr-18,Manitoba,2016A000246,Persons,249,units,0,v13,8,1346916,,,,0
Jul-18,Manitoba,2016A000246,Persons,249,units,0,v13,8,1352687,,,,0
Oct-18,Manitoba,2016A000246,Persons,249,units,0,v13,8,1357856,,,,0
Jan-19,Manitoba,2016A000246,Persons,249,units,0,v13,8,1361737,,,,0
Apr-19,Manitoba,2016A000246,Persons,249,units,0,v13,8,1364666,,,,0
Jul-19,Manitoba,2016A000246,Persons,249,units,0,v13,8,1370033,,,,0
Oct-19,Manitoba,2016A000246,Persons,249,units,0,v13,8,1373884,,,,0
Jan-20,Manitoba,2016A000246,Persons,249,units,0,v13,8,1377283,,,,0
Apr-20,Manitoba,2016A000246,Persons,249,units,0,v13,8,1379280,,,,0
Jul-20,Manitoba,2016A000246,Persons,249,units,0,v13,8,1380132,,,,0
Oct-20,Manitoba,2016A000246,Persons,249,units,0,v13,8,1381809,,,,0
Jan-21,Manitoba,2016A000246,Persons,249,units,0,v13,8,1383854,,,,0
Apr-21,Manitoba,2016A000246,Persons,249,units,0,v13,8,1388611,,,,0
Jul-21,Manitoba,2016A000246,Persons,249,units,0,v13,8,1391924,,,,0
Oct-21,Manitoba,2016A000246,Persons,249,units,0,v13,8,1396162,,,,0
Jan-22,Manitoba,2016A000246,Persons,249,units,0,v13,8,1399970,,,,0
Apr-22,Manitoba,2016A000246,Persons,249,units,0,v13,8,1404199,,,,0
Jul-22,Manitoba,2016A000246,Persons,249,units,0,v13,8,1412568,,,,0
Oct-22,Manitoba,2016A000246,Persons,249,units,0,v13,8,1423465,,,,0
Jan-23,Manitoba,2016A000246,Persons,249,units,0,v13,8,1432984,,,,0
Apr-23,Manitoba,2016A000246,Persons,249,units,0,v13,8,1444025,,,,0
Jul-23,Manitoba,2016A000246,Persons,249,units,0,v13,8,1454743,,,,0
Oct-23,Manitoba,2016A000246,Persons,249,units,0,v13,8,1465035,,,,0
Jan-24,Manitoba,2016A000246,Persons,249,units,0,v13,8,1475046,,,,0
Apr-24,Manitoba,2016A000246,Persons,249,units,0,v13,8,1485955,,,,0
Jul-24,Manitoba,2016A000246,Persons,249,units,0,v13,8,1494301,,,,0
Oct-24,Manitoba,2016A000246,Persons,249,units,0,v13,8,1499981,,,,0
Jan-05,Saskatchewan,2016A000247,Persons,249,units,0,v14,9,995914,,,,0
Apr-05,Saskatchewan,2016A000247,Persons,249,units,0,v14,9,994902,,,,0
Jul-05,Saskatchewan,2016A000247,Persons,249,units,0,v14,9,993510,,,,0
Oct-05,Saskatchewan,2016A000247,Persons,249,units,0,v14,9,993299,,,,0
Jan-06,Saskatchewan,2016A000247,Persons,249,units,0,v14,9,992246,,,,0
Apr-06,Saskatchewan,2016A000247,Persons,249,units,0,v14,9,991231,,,,0
Jul-06,Saskatchewan,2016A000247,Persons,249,units,0,v14,9,992313,,,,0
Oct-06,Saskatchewan,2016A000247,Persons,249,units,0,v14,9,993359,,,,0
Jan-07,Saskatchewan,2016A000247,Persons,249,units,0,v14,9,995170,,,,0
Apr-07,Saskatchewan,2016A000247,Persons,249,units,0,v14,9,997541,,,,0
Jul-07,Saskatchewan,2016A000247,Persons,249,units,0,v14,9,1002074,,,,0
Oct-07,Saskatchewan,2016A000247,Persons,249,units,0,v14,9,1007305,,,,0
Jan-08,Saskatchewan,2016A000247,Persons,249,units,0,v14,9,1010279,,,,0
Apr-08,Saskatchewan,2016A000247,Persons,249,units,0,v14,9,1013449,,,,0
Jul-08,Saskatchewan,2016A000247,Persons,249,units,0,v14,9,1017368,,,,0
Oct-08,Saskatchewan,2016A000247,Persons,249,units,0,v14,9,1022511,,,,0
Jan-09,Saskatchewan,2016A000247,Persons,249,units,0,v14,9,1025946,,,,0
Apr-09,Saskatchewan,2016A000247,Persons,249,units,0,v14,9,1029862,,,,0
Jul-09,Saskatchewan,2016A000247,Persons,249,units,0,v14,9,1034791,,,,0
Oct-09,Saskatchewan,2016A000247,Persons,249,units,0,v14,9,1039530,,,,0
Jan-10,Saskatchewan,2016A000247,Persons,249,units,0,v14,9,1042936,,,,0
Apr-10,Saskatchewan,2016A000247,Persons,249,units,0,v14,9,1046779,,,,0
Jul-10,Saskatchewan,2016A000247,Persons,249,units,0,v14,9,1051426,,,,0
Oct-10,Saskatchewan,2016A000247,Persons,249,units,0,v14,9,1056102,,,,0
Jan-11,Saskatchewan,2016A000247,Persons,249,units,0,v14,9,1058969,,,,0
Apr-11,Saskatchewan,2016A000247,Persons,249,units,0,v14,9,1061484,,,,0
Jul-11,Saskatchewan,2016A000247,Persons,249,units,0,v14,9,1065661,,,,0
Oct-11,Saskatchewan,2016A000247,Persons,249,units,0,v14,9,1069950,,,,0
Jan-12,Saskatchewan,2016A000247,Persons,249,units,0,v14,9,1073565,,,,0
Apr-12,Saskatchewan,2016A000247,Persons,249,units,0,v14,9,1077170,,,,0
Jul-12,Saskatchewan,2016A000247,Persons,249,units,0,v14,9,1083005,,,,0
Oct-12,Saskatchewan,2016A000247,Persons,249,units,0,v14,9,1088177,,,,0
Jan-13,Saskatchewan,2016A000247,Persons,249,units,0,v14,9,1090738,,,,0
Apr-13,Saskatchewan,2016A000247,Persons,249,units,0,v14,9,1093549,,,,0
Jul-13,Saskatchewan,2016A000247,Persons,249,units,0,v14,9,1098868,,,,0
Oct-13,Saskatchewan,2016A000247,Persons,249,units,0,v14,9,1102832,,,,0
Jan-14,Saskatchewan,2016A000247,Persons,249,units,0,v14,9,1105444,,,,0
Apr-14,Saskatchewan,2016A000247,Persons,249,units,0,v14,9,1108674,,,,0
Jul-14,Saskatchewan,2016A000247,Persons,249,units,0,v14,9,1111989,,,,0
Oct-14,Saskatchewan,2016A000247,Persons,249,units,0,v14,9,1115184,,,,0
Jan-15,Saskatchewan,2016A000247,Persons,249,units,0,v14,9,1117137,,,,0
Apr-15,Saskatchewan,2016A000247,Persons,249,units,0,v14,9,1117736,,,,0
Jul-15,Saskatchewan,2016A000247,Persons,249,units,0,v14,9,1122210,,,,0
Oct-15,Saskatchewan,2016A000247,Persons,249,units,0,v14,9,1125588,,,,0
Jan-16,Saskatchewan,2016A000247,Persons,249,units,0,v14,9,1128160,,,,0
Apr-16,Saskatchewan,2016A000247,Persons,249,units,0,v14,9,1131285,,,,0
Jul-16,Saskatchewan,2016A000247,Persons,249,units,0,v14,9,1135496,,,,0
Oct-16,Saskatchewan,2016A000247,Persons,249,units,0,v14,9,1139492,,,,0
Jan-17,Saskatchewan,2016A000247,Persons,249,units,0,v14,9,1141537,,,,0
Apr-17,Saskatchewan,2016A000247,Persons,249,units,0,v14,9,1143829,,,,0
Jul-17,Saskatchewan,2016A000247,Persons,249,units,0,v14,9,1147315,,,,0
Oct-17,Saskatchewan,2016A000247,Persons,249,units,0,v14,9,1151044,,,,0
Jan-18,Saskatchewan,2016A000247,Persons,249,units,0,v14,9,1152366,,,,0
Apr-18,Saskatchewan,2016A000247,Persons,249,units,0,v14,9,1153530,,,,0
Jul-18,Saskatchewan,2016A000247,Persons,249,units,0,v14,9,1156210,,,,0
Oct-18,Saskatchewan,2016A000247,Persons,249,units,0,v14,9,1159648,,,,0
Jan-19,Saskatchewan,2016A000247,Persons,249,units,0,v14,9,1161529,,,,0
Apr-19,Saskatchewan,2016A000247,Persons,249,units,0,v14,9,1161787,,,,0
Jul-19,Saskatchewan,2016A000247,Persons,249,units,0,v14,9,1164223,,,,0
Oct-19,Saskatchewan,2016A000247,Persons,249,units,0,v14,9,1167271,,,,0
Jan-20,Saskatchewan,2016A000247,Persons,249,units,0,v14,9,1169426,,,,0
Apr-20,Saskatchewan,2016A000247,Persons,249,units,0,v14,9,1169038,,,,0
Jul-20,Saskatchewan,2016A000247,Persons,249,units,0,v14,9,1167386,,,,0
Oct-20,Saskatchewan,2016A000247,Persons,249,units,0,v14,9,1165963,,,,0
Jan-21,Saskatchewan,2016A000247,Persons,249,units,0,v14,9,1166348,,,,0
Apr-21,Saskatchewan,2016A000247,Persons,249,units,0,v14,9,1167711,,,,0
Jul-21,Saskatchewan,2016A000247,Persons,249,units,0,v14,9,1167711,,,,0
Oct-21,Saskatchewan,2016A000247,Persons,249,units,0,v14,9,1168792,,,,0
Jan-22,Saskatchewan,2016A000247,Persons,249,units,0,v14,9,1171007,,,,0
Apr-22,Saskatchewan,2016A000247,Persons,249,units,0,v14,9,1173421,,,,0
Jul-22,Saskatchewan,2016A000247,Persons,249,units,0,v14,9,1178455,,,,0
Oct-22,Saskatchewan,2016A000247,Persons,249,units,0,v14,9,1187854,,,,0
Jan-23,Saskatchewan,2016A000247,Persons,249,units,0,v14,9,1195464,,,,0
Apr-23,Saskatchewan,2016A000247,Persons,249,units,0,v14,9,1201089,,,,0
Jul-23,Saskatchewan,2016A000247,Persons,249,units,0,v14,9,1209307,,,,0
Oct-23,Saskatchewan,2016A000247,Persons,249,units,0,v14,9,1219702,,,,0
Jan-24,Saskatchewan,2016A000247,Persons,249,units,0,v14,9,1226848,,,,0
Apr-24,Saskatchewan,2016A000247,Persons,249,units,0,v14,9,1233068,,,,0
Jul-24,Saskatchewan,2016A000247,Persons,249,units,0,v14,9,1239865,,,,0
Oct-24,Saskatchewan,2016A000247,Persons,249,units,0,v14,9,1246691,,,,0
Jan-05,Alberta,2016A000248,Persons,249,units,0,v15,10,3276908,,,,0
Apr-05,Alberta,2016A000248,Persons,249,units,0,v15,10,3296359,,,,0
Jul-05,Alberta,2016A000248,Persons,249,units,0,v15,10,3321839,,,,0
Oct-05,Alberta,2016A000248,Persons,249,units,0,v15,10,3346802,,,,0
Jan-06,Alberta,2016A000248,Persons,249,units,0,v15,10,3371851,,,,0
Apr-06,Alberta,2016A000248,Persons,249,units,0,v15,10,3396809,,,,0
Jul-06,Alberta,2016A000248,Persons,249,units,0,v15,10,3421435,,,,0
Oct-06,Alberta,2016A000248,Persons,249,units,0,v15,10,3453945,,,,0
Jan-07,Alberta,2016A000248,Persons,249,units,0,v15,10,3472779,,,,0
Apr-07,Alberta,2016A000248,Persons,249,units,0,v15,10,3490849,,,,0
Jul-07,Alberta,2016A000248,Persons,249,units,0,v15,10,3514151,,,,0
Oct-07,Alberta,2016A000248,Persons,249,units,0,v15,10,3533414,,,,0
Jan-08,Alberta,2016A000248,Persons,249,units,0,v15,10,3548804,,,,0
Apr-08,Alberta,2016A000248,Persons,249,units,0,v15,10,3567475,,,,0
Jul-08,Alberta,2016A000248,Persons,249,units,0,v15,10,3595875,,,,0
Oct-08,Alberta,2016A000248,Persons,249,units,0,v15,10,3619319,,,,0
Jan-09,Alberta,2016A000248,Persons,249,units,0,v15,10,3638505,,,,0
Apr-09,Alberta,2016A000248,Persons,249,units,0,v15,10,3659235,,,,0
Jul-09,Alberta,2016A000248,Persons,249,units,0,v15,10,3679010,,,,0
Oct-09,Alberta,2016A000248,Persons,249,units,0,v15,10,3694318,,,,0
Jan-10,Alberta,2016A000248,Persons,249,units,0,v15,10,3702290,,,,0
Apr-10,Alberta,2016A000248,Persons,249,units,0,v15,10,3714999,,,,0
Jul-10,Alberta,2016A000248,Persons,249,units,0,v15,10,3732104,,,,0
Oct-10,Alberta,2016A000248,Persons,249,units,0,v15,10,3747235,,,,0
Jan-11,Alberta,2016A000248,Persons,249,units,0,v15,10,3754422,,,,0
Apr-11,Alberta,2016A000248,Persons,249,units,0,v15,10,3768774,,,,0
Jul-11,Alberta,2016A000248,Persons,249,units,0,v15,10,3787705,,,,0
Oct-11,Alberta,2016A000248,Persons,249,units,0,v15,10,3805071,,,,0
Jan-12,Alberta,2016A000248,Persons,249,units,0,v15,10,3822425,,,,0
Apr-12,Alberta,2016A000248,Persons,249,units,0,v15,10,3845093,,,,0
Jul-12,Alberta,2016A000248,Persons,249,units,0,v15,10,3871947,,,,0
Oct-12,Alberta,2016A000248,Persons,249,units,0,v15,10,3897746,,,,0
Jan-13,Alberta,2016A000248,Persons,249,units,0,v15,10,3917941,,,,0
Apr-13,Alberta,2016A000248,Persons,249,units,0,v15,10,3944281,,,,0
Jul-13,Alberta,2016A000248,Persons,249,units,0,v15,10,3978532,,,,0
Oct-13,Alberta,2016A000248,Persons,249,units,0,v15,10,4008421,,,,0
Jan-14,Alberta,2016A000248,Persons,249,units,0,v15,10,4027497,,,,0
Apr-14,Alberta,2016A000248,Persons,249,units,0,v15,10,4051858,,,,0
Jul-14,Alberta,2016A000248,Persons,249,units,0,v15,10,4081271,,,,0
Oct-14,Alberta,2016A000248,Persons,249,units,0,v15,10,4103702,,,,0
Jan-15,Alberta,2016A000248,Persons,249,units,0,v15,10,4113697,,,,0
Apr-15,Alberta,2016A000248,Persons,249,units,0,v15,10,4125943,,,,0
Jul-15,Alberta,2016A000248,Persons,249,units,0,v15,10,4150147,,,,0
Oct-15,Alberta,2016A000248,Persons,249,units,0,v15,10,4163048,,,,0
Jan-16,Alberta,2016A000248,Persons,249,units,0,v15,10,4171847,,,,0
Apr-16,Alberta,2016A000248,Persons,249,units,0,v15,10,4182353,,,,0
Jul-16,Alberta,2016A000248,Persons,249,units,0,v15,10,4195427,,,,0
Oct-16,Alberta,2016A000248,Persons,249,units,0,v15,10,4207139,,,,0
Jan-17,Alberta,2016A000248,Persons,249,units,0,v15,10,4215506,,,,0
Apr-17,Alberta,2016A000248,Persons,249,units,0,v15,10,4224933,,,,0
Jul-17,Alberta,2016A000248,Persons,249,units,0,v15,10,4237310,,,,0
Oct-17,Alberta,2016A000248,Persons,249,units,0,v15,10,4253530,,,,0
Jan-18,Alberta,2016A000248,Persons,249,units,0,v15,10,4263957,,,,0
Apr-18,Alberta,2016A000248,Persons,249,units,0,v15,10,4276444,,,,0
Jul-18,Alberta,2016A000248,Persons,249,units,0,v15,10,4292556,,,,0
Oct-18,Alberta,2016A000248,Persons,249,units,0,v15,10,4311439,,,,0
Jan-19,Alberta,2016A000248,Persons,249,units,0,v15,10,4324254,,,,0
Apr-19,Alberta,2016A000248,Persons,249,units,0,v15,10,4337569,,,,0
Jul-19,Alberta,2016A000248,Persons,249,units,0,v15,10,4355377,,,,0
Oct-19,Alberta,2016A000248,Persons,249,units,0,v15,10,4376860,,,,0
Jan-20,Alberta,2016A000248,Persons,249,units,0,v15,10,4392958,,,,0
Apr-20,Alberta,2016A000248,Persons,249,units,0,v15,10,4405455,,,,0
Jul-20,Alberta,2016A000248,Persons,249,units,0,v15,10,4407495,,,,0
Oct-20,Alberta,2016A000248,Persons,249,units,0,v15,10,4412013,,,,0
Jan-21,Alberta,2016A000248,Persons,249,units,0,v15,10,4418338,,,,0
Apr-21,Alberta,2016A000248,Persons,249,units,0,v15,10,4425617,,,,0
Jul-21,Alberta,2016A000248,Persons,249,units,0,v15,10,4431531,,,,0
Oct-21,Alberta,2016A000248,Persons,249,units,0,v15,10,4449956,,,,0
Jan-22,Alberta,2016A000248,Persons,249,units,0,v15,10,4465137,,,,0
Apr-22,Alberta,2016A000248,Persons,249,units,0,v15,10,4480389,,,,0
Jul-22,Alberta,2016A000248,Persons,249,units,0,v15,10,4510747,,,,0
Oct-22,Alberta,2016A000248,Persons,249,units,0,v15,10,4558643,,,,0
Jan-23,Alberta,2016A000248,Persons,249,units,0,v15,10,4595851,,,,0
Apr-23,Alberta,2016A000248,Persons,249,units,0,v15,10,4639399,,,,0
Jul-23,Alberta,2016A000248,Persons,249,units,0,v15,10,4684514,,,,0
Oct-23,Alberta,2016A000248,Persons,249,units,0,v15,10,4744897,,,,0
Jan-24,Alberta,2016A000248,Persons,249,units,0,v15,10,4791876,,,,0
Apr-24,Alberta,2016A000248,Persons,249,units,0,v15,10,4842523,,,,0
Jul-24,Alberta,2016A000248,Persons,249,units,0,v15,10,4888723,,,,0
Oct-24,Alberta,2016A000248,Persons,249,units,0,v15,10,4931601,,,,0
Jan-05,British Columbia,2016A000259,Persons,249,units,0,v3,11,4174017,,,,0
Apr-05,British Columbia,2016A000259,Persons,249,units,0,v3,11,4182971,,,,0
Jul-05,British Columbia,2016A000259,Persons,249,units,0,v3,11,4196076,,,,0
Oct-05,British Columbia,2016A000259,Persons,249,units,0,v3,11,4212674,,,,0
Jan-06,British Columbia,2016A000259,Persons,249,units,0,v3,11,4217956,,,,0
Apr-06,British Columbia,2016A000259,Persons,249,units,0,v3,11,4227980,,,,0
Jul-06,British Columbia,2016A000259,Persons,249,units,0,v3,11,4241793,,,,0
Oct-06,British Columbia,2016A000259,Persons,249,units,0,v3,11,4258653,,,,0
Jan-07,British Columbia,2016A000259,Persons,249,units,0,v3,11,4265328,,,,0
Apr-07,British Columbia,2016A000259,Persons,249,units,0,v3,11,4276745,,,,0
Jul-07,British Columbia,2016A000259,Persons,249,units,0,v3,11,4290987,,,,0
Oct-07,British Columbia,2016A000259,Persons,249,units,0,v3,11,4312048,,,,0
Jan-08,British Columbia,2016A000259,Persons,249,units,0,v3,11,4319657,,,,0
Apr-08,British Columbia,2016A000259,Persons,249,units,0,v3,11,4331706,,,,0
Jul-08,British Columbia,2016A000259,Persons,249,units,0,v3,11,4349338,,,,0
Oct-08,British Columbia,2016A000259,Persons,249,units,0,v3,11,4371128,,,,0
Jan-09,British Columbia,2016A000259,Persons,249,units,0,v3,11,4381832,,,,0
Apr-09,British Columbia,2016A000259,Persons,249,units,0,v3,11,4395197,,,,0
Jul-09,British Columbia,2016A000259,Persons,249,units,0,v3,11,4410513,,,,0
Oct-09,British Columbia,2016A000259,Persons,249,units,0,v3,11,4431587,,,,0
Jan-10,British Columbia,2016A000259,Persons,249,units,0,v3,11,4441345,,,,0
Apr-10,British Columbia,2016A000259,Persons,249,units,0,v3,11,4453756,,,,0
Jul-10,British Columbia,2016A000259,Persons,249,units,0,v3,11,4465557,,,,0
Oct-10,British Columbia,2016A000259,Persons,249,units,0,v3,11,4483613,,,,0
Jan-11,British Columbia,2016A000259,Persons,249,units,0,v3,11,4482262,,,,0
Apr-11,British Columbia,2016A000259,Persons,249,units,0,v3,11,4488509,,,,0
Jul-11,British Columbia,2016A000259,Persons,249,units,0,v3,11,4503819,,,,0
Oct-11,British Columbia,2016A000259,Persons,249,units,0,v3,11,4529186,,,,0
Jan-12,British Columbia,2016A000259,Persons,249,units,0,v3,11,4539775,,,,0
Apr-12,British Columbia,2016A000259,Persons,249,units,0,v3,11,4552320,,,,0
Jul-12,British Columbia,2016A000259,Persons,249,units,0,v3,11,4570866,,,,0
Oct-12,British Columbia,2016A000259,Persons,249,units,0,v3,11,4594846,,,,0
Jan-13,British Columbia,2016A000259,Persons,249,units,0,v3,11,4602742,,,,0
Apr-13,British Columbia,2016A000259,Persons,249,units,0,v3,11,4616335,,,,0
Jul-13,British Columbia,2016A000259,Persons,249,units,0,v3,11,4634943,,,,0
Oct-13,British Columbia,2016A000259,Persons,249,units,0,v3,11,4663919,,,,0
Jan-14,British Columbia,2016A000259,Persons,249,units,0,v3,11,4672025,,,,0
Apr-14,British Columbia,2016A000259,Persons,249,units,0,v3,11,4689892,,,,0
Jul-14,British Columbia,2016A000259,Persons,249,units,0,v3,11,4712691,,,,0
Oct-14,British Columbia,2016A000259,Persons,249,units,0,v3,11,4743505,,,,0
Jan-15,British Columbia,2016A000259,Persons,249,units,0,v3,11,4751439,,,,0
Apr-15,British Columbia,2016A000259,Persons,249,units,0,v3,11,4763917,,,,0
Jul-15,British Columbia,2016A000259,Persons,249,units,0,v3,11,4765472,,,,0
Oct-15,British Columbia,2016A000259,Persons,249,units,0,v3,11,4795547,,,,0
Jan-16,British Columbia,2016A000259,Persons,249,units,0,v3,11,4807562,,,,0
Apr-16,British Columbia,2016A000259,Persons,249,units,0,v3,11,4831042,,,,0
Jul-16,British Columbia,2016A000259,Persons,249,units,0,v3,11,4861269,,,,0
Oct-16,British Columbia,2016A000259,Persons,249,units,0,v3,11,4886638,,,,0
Jan-17,British Columbia,2016A000259,Persons,249,units,0,v3,11,4894147,,,,0
Apr-17,British Columbia,2016A000259,Persons,249,units,0,v3,11,4908971,,,,0
Jul-17,British Columbia,2016A000259,Persons,249,units,0,v3,11,4934202,,,,0
Oct-17,British Columbia,2016A000259,Persons,249,units,0,v3,11,4962706,,,,0
Jan-18,British Columbia,2016A000259,Persons,249,units,0,v3,11,4974712,,,,0
Apr-18,British Columbia,2016A000259,Persons,249,units,0,v3,11,4991716,,,,0
Jul-18,British Columbia,2016A000259,Persons,249,units,0,v3,11,5020979,,,,0
Oct-18,British Columbia,2016A000259,Persons,249,units,0,v3,11,5052131,,,,0
Jan-19,British Columbia,2016A000259,Persons,249,units,0,v3,11,5061132,,,,0
Apr-19,British Columbia,2016A000259,Persons,249,units,0,v3,11,5080515,,,,0
Jul-19,British Columbia,2016A000259,Persons,249,units,0,v3,11,5111022,,,,0
Oct-19,British Columbia,2016A000259,Persons,249,units,0,v3,11,5148047,,,,0
Jan-20,British Columbia,2016A000259,Persons,249,units,0,v3,11,5157053,,,,0
Apr-20,British Columbia,2016A000259,Persons,249,units,0,v3,11,5169535,,,,0
Jul-20,British Columbia,2016A000259,Persons,249,units,0,v3,11,5176101,,,,0
Oct-20,British Columbia,2016A000259,Persons,249,units,0,v3,11,5173896,,,,0
Jan-21,British Columbia,2016A000259,Persons,249,units,0,v3,11,5180015,,,,0
Apr-21,British Columbia,2016A000259,Persons,249,units,0,v3,11,5200393,,,,0
Jul-21,British Columbia,2016A000259,Persons,249,units,0,v3,11,5226665,,,,0
Oct-21,British Columbia,2016A000259,Persons,249,units,0,v3,11,5267182,,,,0
Jan-22,British Columbia,2016A000259,Persons,249,units,0,v3,11,5287422,,,,0
Apr-22,British Columbia,2016A000259,Persons,249,units,0,v3,11,5311608,,,,0
Jul-22,British Columbia,2016A000259,Persons,249,units,0,v3,11,5357486,,,,0
Oct-22,British Columbia,2016A000259,Persons,249,units,0,v3,11,5408601,,,,0
Jan-23,British Columbia,2016A000259,Persons,249,units,0,v3,11,5443002,,,,0
Apr-23,British Columbia,2016A000259,Persons,249,units,0,v3,11,5478258,,,,0
Jul-23,British Columbia,2016A000259,Persons,249,units,0,v3,11,5531553,,,,0
Oct-23,British Columbia,2016A000259,Persons,249,units,0,v3,11,5593961,,,,0
Jan-24,British Columbia,2016A000259,Persons,249,units,0,v3,11,5627961,,,,0
Apr-24,British Columbia,2016A000259,Persons,249,units,0,v3,11,5666888,,,,0
Jul-24,British Columbia,2016A000259,Persons,249,units,0,v3,11,5698430,,,,0
Oct-24,British Columbia,2016A000259,Persons,249,units,0,v3,11,5719594,,,,0
Jan-05,Yukon,2016A000260,Persons,249,units,0,v4,12,31770,,,,0
Apr-05,Yukon,2016A000260,Persons,249,units,0,v4,12,31861,,,,0
Jul-05,Yukon,2016A000260,Persons,249,units,0,v4,12,31901,,,,0
Oct-05,Yukon,2016A000260,Persons,249,units,0,v4,12,32127,,,,0
Jan-06,Yukon,2016A000260,Persons,249,units,0,v4,12,32112,,,,0
Apr-06,Yukon,2016A000260,Persons,249,units,0,v4,12,32152,,,,0
Jul-06,Yukon,2016A000260,Persons,249,units,0,v4,12,32272,,,,0
Oct-06,Yukon,2016A000260,Persons,249,units,0,v4,12,32361,,,,0
Jan-07,Yukon,2016A000260,Persons,249,units,0,v4,12,32316,,,,0
Apr-07,Yukon,2016A000260,Persons,249,units,0,v4,12,32274,,,,0
Jul-07,Yukon,2016A000260,Persons,249,units,0,v4,12,32555,,,,0
Oct-07,Yukon,2016A000260,Persons,249,units,0,v4,12,32663,,,,0
Jan-08,Yukon,2016A000260,Persons,249,units,0,v4,12,32752,,,,0
Apr-08,Yukon,2016A000260,Persons,249,units,0,v4,12,32955,,,,0
Jul-08,Yukon,2016A000260,Persons,249,units,0,v4,12,33084,,,,0
Oct-08,Yukon,2016A000260,Persons,249,units,0,v4,12,33307,,,,0
Jan-09,Yukon,2016A000260,Persons,249,units,0,v4,12,33405,,,,0
Apr-09,Yukon,2016A000260,Persons,249,units,0,v4,12,33583,,,,0
Jul-09,Yukon,2016A000260,Persons,249,units,0,v4,12,33733,,,,0
Oct-09,Yukon,2016A000260,Persons,249,units,0,v4,12,34027,,,,0
Jan-10,Yukon,2016A000260,Persons,249,units,0,v4,12,34009,,,,0
Apr-10,Yukon,2016A000260,Persons,249,units,0,v4,12,34243,,,,0
Jul-10,Yukon,2016A000260,Persons,249,units,0,v4,12,34598,,,,0
Oct-10,Yukon,2016A000260,Persons,249,units,0,v4,12,34790,,,,0
Jan-11,Yukon,2016A000260,Persons,249,units,0,v4,12,34802,,,,0
Apr-11,Yukon,2016A000260,Persons,249,units,0,v4,12,34984,,,,0
Jul-11,Yukon,2016A000260,Persons,249,units,0,v4,12,35366,,,,0
Oct-11,Yukon,2016A000260,Persons,249,units,0,v4,12,35578,,,,0
Jan-12,Yukon,2016A000260,Persons,249,units,0,v4,12,35695,,,,0
Apr-12,Yukon,2016A000260,Persons,249,units,0,v4,12,35757,,,,0
Jul-12,Yukon,2016A000260,Persons,249,units,0,v4,12,36151,,,,0
Oct-12,Yukon,2016A000260,Persons,249,units,0,v4,12,36347,,,,0
Jan-13,Yukon,2016A000260,Persons,249,units,0,v4,12,36299,,,,0
Apr-13,Yukon,2016A000260,Persons,249,units,0,v4,12,36242,,,,0
Jul-13,Yukon,2016A000260,Persons,249,units,0,v4,12,36454,,,,0
Oct-13,Yukon,2016A000260,Persons,249,units,0,v4,12,36384,,,,0
Jan-14,Yukon,2016A000260,Persons,249,units,0,v4,12,36333,,,,0
Apr-14,Yukon,2016A000260,Persons,249,units,0,v4,12,36626,,,,0
Jul-14,Yukon,2016A000260,Persons,249,units,0,v4,12,37085,,,,0
Oct-14,Yukon,2016A000260,Persons,249,units,0,v4,12,37223,,,,0
Jan-15,Yukon,2016A000260,Persons,249,units,0,v4,12,37123,,,,0
Apr-15,Yukon,2016A000260,Persons,249,units,0,v4,12,37330,,,,0
Jul-15,Yukon,2016A000260,Persons,249,units,0,v4,12,37669,,,,0
Oct-15,Yukon,2016A000260,Persons,249,units,0,v4,12,37730,,,,0
Jan-16,Yukon,2016A000260,Persons,249,units,0,v4,12,37756,,,,0
Apr-16,Yukon,2016A000260,Persons,249,units,0,v4,12,38025,,,,0
Jul-16,Yukon,2016A000260,Persons,249,units,0,v4,12,38549,,,,0
Oct-16,Yukon,2016A000260,Persons,249,units,0,v4,12,38724,,,,0
Jan-17,Yukon,2016A000260,Persons,249,units,0,v4,12,38801,,,,0
Apr-17,Yukon,2016A000260,Persons,249,units,0,v4,12,39108,,,,0
Jul-17,Yukon,2016A000260,Persons,249,units,0,v4,12,39533,,,,0
Oct-17,Yukon,2016A000260,Persons,249,units,0,v4,12,39705,,,,0
Jan-18,Yukon,2016A000260,Persons,249,units,0,v4,12,39873,,,,0
Apr-18,Yukon,2016A000260,Persons,249,units,0,v4,12,40037,,,,0
Jul-18,Yukon,2016A000260,Persons,249,units,0,v4,12,40403,,,,0
Oct-18,Yukon,2016A000260,Persons,249,units,0,v4,12,40533,,,,0
Jan-19,Yukon,2016A000260,Persons,249,units,0,v4,12,40716,,,,0
Apr-19,Yukon,2016A000260,Persons,249,units,0,v4,12,40779,,,,0
Jul-19,Yukon,2016A000260,Persons,249,units,0,v4,12,41187,,,,0
Oct-19,Yukon,2016A000260,Persons,249,units,0,v4,12,41460,,,,0
Jan-20,Yukon,2016A000260,Persons,249,units,0,v4,12,41505,,,,0
Apr-20,Yukon,2016A000260,Persons,249,units,0,v4,12,41807,,,,0
Jul-20,Yukon,2016A000260,Persons,249,units,0,v4,12,41958,,,,0
Oct-20,Yukon,2016A000260,Persons,249,units,0,v4,12,42109,,,,0
Jan-21,Yukon,2016A000260,Persons,249,units,0,v4,12,42157,,,,0
Apr-21,Yukon,2016A000260,Persons,249,units,0,v4,12,42443,,,,0
Jul-21,Yukon,2016A000260,Persons,249,units,0,v4,12,42961,,,,0
Oct-21,Yukon,2016A000260,Persons,249,units,0,v4,12,43128,,,,0
Jan-22,Yukon,2016A000260,Persons,249,units,0,v4,12,43067,,,,0
Apr-22,Yukon,2016A000260,Persons,249,units,0,v4,12,43455,,,,0
Jul-22,Yukon,2016A000260,Persons,249,units,0,v4,12,43900,,,,0
Oct-22,Yukon,2016A000260,Persons,249,units,0,v4,12,44193,,,,0
Jan-23,Yukon,2016A000260,Persons,249,units,0,v4,12,44509,,,,0
Apr-23,Yukon,2016A000260,Persons,249,units,0,v4,12,44916,,,,0
Jul-23,Yukon,2016A000260,Persons,249,units,0,v4,12,45463,,,,0
Oct-23,Yukon,2016A000260,Persons,249,units,0,v4,12,45676,,,,0
Jan-24,Yukon,2016A000260,Persons,249,units,0,v4,12,45936,,,,0
Apr-24,Yukon,2016A000260,Persons,249,units,0,v4,12,46353,,,,0
Jul-24,Yukon,2016A000260,Persons,249,units,0,v4,12,46704,,,,0
Oct-24,Yukon,2016A000260,Persons,249,units,0,v4,12,46948,,,,0
Jan-05,Northwest Territories,2016A000261,Persons,249,units,0,v6,14,43440,,,,0
Apr-05,Northwest Territories,2016A000261,Persons,249,units,0,v6,14,43456,,,,0
Jul-05,Northwest Territories,2016A000261,Persons,249,units,0,v6,14,43399,,,,0
Oct-05,Northwest Territories,2016A000261,Persons,249,units,0,v6,14,43523,,,,0
Jan-06,Northwest Territories,2016A000261,Persons,249,units,0,v6,14,43315,,,,0
Apr-06,Northwest Territories,2016A000261,Persons,249,units,0,v6,14,43101,,,,0
Jul-06,Northwest Territories,2016A000261,Persons,249,units,0,v6,14,43185,,,,0
Oct-06,Northwest Territories,2016A000261,Persons,249,units,0,v6,14,43205,,,,0
Jan-07,Northwest Territories,2016A000261,Persons,249,units,0,v6,14,43088,,,,0
Apr-07,Northwest Territories,2016A000261,Persons,249,units,0,v6,14,43127,,,,0
Jul-07,Northwest Territories,2016A000261,Persons,249,units,0,v6,14,43396,,,,0
Oct-07,Northwest Territories,2016A000261,Persons,249,units,0,v6,14,43286,,,,0
Jan-08,Northwest Territories,2016A000261,Persons,249,units,0,v6,14,43384,,,,0
Apr-08,Northwest Territories,2016A000261,Persons,249,units,0,v6,14,43388,,,,0
Jul-08,Northwest Territories,2016A000261,Persons,249,units,0,v6,14,43385,,,,0
Oct-08,Northwest Territories,2016A000261,Persons,249,units,0,v6,14,43315,,,,0
Jan-09,Northwest Territories,2016A000261,Persons,249,units,0,v6,14,43136,,,,0
Apr-09,Northwest Territories,2016A000261,Persons,249,units,0,v6,14,43122,,,,0
Jul-09,Northwest Territories,2016A000261,Persons,249,units,0,v6,14,43171,,,,0
Oct-09,Northwest Territories,2016A000261,Persons,249,units,0,v6,14,42938,,,,0
Jan-10,Northwest Territories,2016A000261,Persons,249,units,0,v6,14,42981,,,,0
Apr-10,Northwest Territories,2016A000261,Persons,249,units,0,v6,14,43161,,,,0
Jul-10,Northwest Territories,2016A000261,Persons,249,units,0,v6,14,43292,,,,0
Oct-10,Northwest Territories,2016A000261,Persons,249,units,0,v6,14,43307,,,,0
Jan-11,Northwest Territories,2016A000261,Persons,249,units,0,v6,14,43265,,,,0
Apr-11,Northwest Territories,2016A000261,Persons,249,units,0,v6,14,43263,,,,0
Jul-11,Northwest Territories,2016A000261,Persons,249,units,0,v6,14,43493,,,,0
Oct-11,Northwest Territories,2016A000261,Persons,249,units,0,v6,14,43576,,,,0
Jan-12,Northwest Territories,2016A000261,Persons,249,units,0,v6,14,43630,,,,0
Apr-12,Northwest Territories,2016A000261,Persons,249,units,0,v6,14,43678,,,,0
Jul-12,Northwest Territories,2016A000261,Persons,249,units,0,v6,14,43624,,,,0
Oct-12,Northwest Territories,2016A000261,Persons,249,units,0,v6,14,43656,,,,0
Jan-13,Northwest Territories,2016A000261,Persons,249,units,0,v6,14,43709,,,,0
Apr-13,Northwest Territories,2016A000261,Persons,249,units,0,v6,14,43840,,,,0
Jul-13,Northwest Territories,2016A000261,Persons,249,units,0,v6,14,43774,,,,0
Oct-13,Northwest Territories,2016A000261,Persons,249,units,0,v6,14,43727,,,,0
Jan-14,Northwest Territories,2016A000261,Persons,249,units,0,v6,14,43767,,,,0
Apr-14,Northwest Territories,2016A000261,Persons,249,units,0,v6,14,43760,,,,0
Jul-14,Northwest Territories,2016A000261,Persons,249,units,0,v6,14,43851,,,,0
Oct-14,Northwest Territories,2016A000261,Persons,249,units,0,v6,14,44031,,,,0
Jan-15,Northwest Territories,2016A000261,Persons,249,units,0,v6,14,44106,,,,0
Apr-15,Northwest Territories,2016A000261,Persons,249,units,0,v6,14,44159,,,,0
Jul-15,Northwest Territories,2016A000261,Persons,249,units,0,v6,14,44247,,,,0
Oct-15,Northwest Territories,2016A000261,Persons,249,units,0,v6,14,44443,,,,0
Jan-16,Northwest Territories,2016A000261,Persons,249,units,0,v6,14,44515,,,,0
Apr-16,Northwest Territories,2016A000261,Persons,249,units,0,v6,14,44595,,,,0
Jul-16,Northwest Territories,2016A000261,Persons,249,units,0,v6,14,44624,,,,0
Oct-16,Northwest Territories,2016A000261,Persons,249,units,0,v6,14,44471,,,,0
Jan-17,Northwest Territories,2016A000261,Persons,249,units,0,v6,14,44471,,,,0
Apr-17,Northwest Territories,2016A000261,Persons,249,units,0,v6,14,44626,,,,0
Jul-17,Northwest Territories,2016A000261,Persons,249,units,0,v6,14,44656,,,,0
Oct-17,Northwest Territories,2016A000261,Persons,249,units,0,v6,14,44825,,,,0
Jan-18,Northwest Territories,2016A000261,Persons,249,units,0,v6,14,44730,,,,0
Apr-18,Northwest Territories,2016A000261,Persons,249,units,0,v6,14,44934,,,,0
Jul-18,Northwest Territories,2016A000261,Persons,249,units,0,v6,14,44536,,,,0
Oct-18,Northwest Territories,2016A000261,Persons,249,units,0,v6,14,44487,,,,0
Jan-19,Northwest Territories,2016A000261,Persons,249,units,0,v6,14,44675,,,,0
Apr-19,Northwest Territories,2016A000261,Persons,249,units,0,v6,14,44560,,,,0
Jul-19,Northwest Territories,2016A000261,Persons,249,units,0,v6,14,44442,,,,0
Oct-19,Northwest Territories,2016A000261,Persons,249,units,0,v6,14,44512,,,,0
Jan-20,Northwest Territories,2016A000261,Persons,249,units,0,v6,14,44533,,,,0
Apr-20,Northwest Territories,2016A000261,Persons,249,units,0,v6,14,44565,,,,0
Jul-20,Northwest Territories,2016A000261,Persons,249,units,0,v6,14,44504,,,,0
Oct-20,Northwest Territories,2016A000261,Persons,249,units,0,v6,14,44395,,,,0
Jan-21,Northwest Territories,2016A000261,Persons,249,units,0,v6,14,44432,,,,0
Apr-21,Northwest Territories,2016A000261,Persons,249,units,0,v6,14,44679,,,,0
Jul-21,Northwest Territories,2016A000261,Persons,249,units,0,v6,14,44579,,,,0
Oct-21,Northwest Territories,2016A000261,Persons,249,units,0,v6,14,44593,,,,0
Jan-22,Northwest Territories,2016A000261,Persons,249,units,0,v6,14,44752,,,,0
Apr-22,Northwest Territories,2016A000261,Persons,249,units,0,v6,14,44788,,,,0
Jul-22,Northwest Territories,2016A000261,Persons,249,units,0,v6,14,44634,,,,0
Oct-22,Northwest Territories,2016A000261,Persons,249,units,0,v6,14,44588,,,,0
Jan-23,Northwest Territories,2016A000261,Persons,249,units,0,v6,14,44446,,,,0
Apr-23,Northwest Territories,2016A000261,Persons,249,units,0,v6,14,44468,,,,0
Jul-23,Northwest Territories,2016A000261,Persons,249,units,0,v6,14,44681,,,,0
Oct-23,Northwest Territories,2016A000261,Persons,249,units,0,v6,14,44495,,,,0
Jan-24,Northwest Territories,2016A000261,Persons,249,units,0,v6,14,44499,,,,0
Apr-24,Northwest Territories,2016A000261,Persons,249,units,0,v6,14,44686,,,,0
Jul-24,Northwest Territories,2016A000261,Persons,249,units,0,v6,14,44731,,,,0
Oct-24,Northwest Territories,2016A000261,Persons,249,units,0,v6,14,44936,,,,0
Jan-05,Nunavut,2016A000262,Persons,249,units,0,v7,15,29936,,,,0
Apr-05,Nunavut,2016A000262,Persons,249,units,0,v7,15,30099,,,,0
Jul-05,Nunavut,2016A000262,Persons,249,units,0,v7,15,30328,,,,0
Oct-05,Nunavut,2016A000262,Persons,249,units,0,v7,15,30397,,,,0
Jan-06,Nunavut,2016A000262,Persons,249,units,0,v7,15,30569,,,,0
Apr-06,Nunavut,2016A000262,Persons,249,units,0,v7,15,30641,,,,0
Jul-06,Nunavut,2016A000262,Persons,249,units,0,v7,15,30818,,,,0
Oct-06,Nunavut,2016A000262,Persons,249,units,0,v7,15,30880,,,,0
Jan-07,Nunavut,2016A000262,Persons,249,units,0,v7,15,30957,,,,0
Apr-07,Nunavut,2016A000262,Persons,249,units,0,v7,15,31184,,,,0
Jul-07,Nunavut,2016A000262,Persons,249,units,0,v7,15,31394,,,,0
Oct-07,Nunavut,2016A000262,Persons,249,units,0,v7,15,31560,,,,0
Jan-08,Nunavut,2016A000262,Persons,249,units,0,v7,15,31616,,,,0
Apr-08,Nunavut,2016A000262,Persons,249,units,0,v7,15,31683,,,,0
Jul-08,Nunavut,2016A000262,Persons,249,units,0,v7,15,31898,,,,0
Oct-08,Nunavut,2016A000262,Persons,249,units,0,v7,15,31970,,,,0
Jan-09,Nunavut,2016A000262,Persons,249,units,0,v7,15,32068,,,,0
Apr-09,Nunavut,2016A000262,Persons,249,units,0,v7,15,32393,,,,0
Jul-09,Nunavut,2016A000262,Persons,249,units,0,v7,15,32604,,,,0
Oct-09,Nunavut,2016A000262,Persons,249,units,0,v7,15,32816,,,,0
Jan-10,Nunavut,2016A000262,Persons,249,units,0,v7,15,32926,,,,0
Apr-10,Nunavut,2016A000262,Persons,249,units,0,v7,15,33143,,,,0
Jul-10,Nunavut,2016A000262,Persons,249,units,0,v7,15,33359,,,,0
Oct-10,Nunavut,2016A000262,Persons,249,units,0,v7,15,33577,,,,0
Jan-11,Nunavut,2016A000262,Persons,249,units,0,v7,15,33736,,,,0
Apr-11,Nunavut,2016A000262,Persons,249,units,0,v7,15,33925,,,,0
Jul-11,Nunavut,2016A000262,Persons,249,units,0,v7,15,34185,,,,0
Oct-11,Nunavut,2016A000262,Persons,249,units,0,v7,15,34335,,,,0
Jan-12,Nunavut,2016A000262,Persons,249,units,0,v7,15,34403,,,,0
Apr-12,Nunavut,2016A000262,Persons,249,units,0,v7,15,34579,,,,0
Jul-12,Nunavut,2016A000262,Persons,249,units,0,v7,15,34658,,,,0
Oct-12,Nunavut,2016A000262,Persons,249,units,0,v7,15,34830,,,,0
Jan-13,Nunavut,2016A000262,Persons,249,units,0,v7,15,34963,,,,0
Apr-13,Nunavut,2016A000262,Persons,249,units,0,v7,15,34987,,,,0
Jul-13,Nunavut,2016A000262,Persons,249,units,0,v7,15,35330,,,,0
Oct-13,Nunavut,2016A000262,Persons,249,units,0,v7,15,35536,,,,0
Jan-14,Nunavut,2016A000262,Persons,249,units,0,v7,15,35583,,,,0
Apr-14,Nunavut,2016A000262,Persons,249,units,0,v7,15,35801,,,,0
Jul-14,Nunavut,2016A000262,Persons,249,units,0,v7,15,35966,,,,0
Oct-14,Nunavut,2016A000262,Persons,249,units,0,v7,15,36100,,,,0
Jan-15,Nunavut,2016A000262,Persons,249,units,0,v7,15,36214,,,,0
Apr-15,Nunavut,2016A000262,Persons,249,units,0,v7,15,36277,,,,0
Jul-15,Nunavut,2016A000262,Persons,249,units,0,v7,15,36490,,,,0
Oct-15,Nunavut,2016A000262,Persons,249,units,0,v7,15,36602,,,,0
Jan-16,Nunavut,2016A000262,Persons,249,units,0,v7,15,36718,,,,0
Apr-16,Nunavut,2016A000262,Persons,249,units,0,v7,15,36766,,,,0
Jul-16,Nunavut,2016A000262,Persons,249,units,0,v7,15,36979,,,,0
Oct-16,Nunavut,2016A000262,Persons,249,units,0,v7,15,37084,,,,0
Jan-17,Nunavut,2016A000262,Persons,249,units,0,v7,15,37246,,,,0
Apr-17,Nunavut,2016A000262,Persons,249,units,0,v7,15,37431,,,,0
Jul-17,Nunavut,2016A000262,Persons,249,units,0,v7,15,37656,,,,0
Oct-17,Nunavut,2016A000262,Persons,249,units,0,v7,15,37829,,,,0
Jan-18,Nunavut,2016A000262,Persons,249,units,0,v7,15,37830,,,,0
Apr-18,Nunavut,2016A000262,Persons,249,units,0,v7,15,37976,,,,0
Jul-18,Nunavut,2016A000262,Persons,249,units,0,v7,15,38322,,,,0
Oct-18,Nunavut,2016A000262,Persons,249,units,0,v7,15,38487,,,,0
Jan-19,Nunavut,2016A000262,Persons,249,units,0,v7,15,38574,,,,0
Apr-19,Nunavut,2016A000262,Persons,249,units,0,v7,15,38764,,,,0
Jul-19,Nunavut,2016A000262,Persons,249,units,0,v7,15,38839,,,,0
Oct-19,Nunavut,2016A000262,Persons,249,units,0,v7,15,38893,,,,0
Jan-20,Nunavut,2016A000262,Persons,249,units,0,v7,15,39010,,,,0
Apr-20,Nunavut,2016A000262,Persons,249,units,0,v7,15,39137,,,,0
Jul-20,Nunavut,2016A000262,Persons,249,units,0,v7,15,39479,,,,0
Oct-20,Nunavut,2016A000262,Persons,249,units,0,v7,15,39581,,,,0
Jan-21,Nunavut,2016A000262,Persons,249,units,0,v7,15,39750,,,,0
Apr-21,Nunavut,2016A000262,Persons,249,units,0,v7,15,39879,,,,0
Jul-21,Nunavut,2016A000262,Persons,249,units,0,v7,15,40086,,,,0
Oct-21,Nunavut,2016A000262,Persons,249,units,0,v7,15,40229,,,,0
Jan-22,Nunavut,2016A000262,Persons,249,units,0,v7,15,40271,,,,0
Apr-22,Nunavut,2016A000262,Persons,249,units,0,v7,15,40460,,,,0
Jul-22,Nunavut,2016A000262,Persons,249,units,0,v7,15,40457,,,,0
Oct-22,Nunavut,2016A000262,Persons,249,units,0,v7,15,40491,,,,0
Jan-23,Nunavut,2016A000262,Persons,249,units,0,v7,15,40569,,,,0
Apr-23,Nunavut,2016A000262,Persons,249,units,0,v7,15,40560,,,,0
Jul-23,Nunavut,2016A000262,Persons,249,units,0,v7,15,40700,,,,0
Oct-23,Nunavut,2016A000262,Persons,249,units,0,v7,15,40898,,,,0
Jan-24,Nunavut,2016A000262,Persons,249,units,0,v7,15,40794,,,,0
Apr-24,Nunavut,2016A000262,Persons,249,units,0,v7,15,40851,,,,0
Jul-24,Nunavut,2016A000262,Persons,249,units,0,v7,15,41159,,,,0
Oct-24,Nunavut,2016A000262,Persons,249,units,0,v7,15,41258,,,,0